season,round,position,positionText,points,wins,Driver_driverId,Driver_permanentNumber,Driver_code,Driver_url,Driver_givenName,Driver_familyName,Driver_dateOfBirth,Driver_nationality,Constructors
2014,19,1,1,384,11,hamilton,44,HAM,http://en.wikipedia.org/wiki/Lewis_Hamilton,Lewis,Hamilton,1985-01-07,British,"[{""constructorId"": ""mercedes"", ""url"": ""https://en.wikipedia.org/wiki/Mercedes-Benz_in_Formula_One"", ""name"": ""Mercedes"", ""nationality"": ""German""}]"
2014,19,2,2,317,5,rosberg,6,ROS,http://en.wikipedia.org/wiki/Nico_Rosberg,Nico,Rosberg,1985-06-27,German,"[{""constructorId"": ""mercedes"", ""url"": ""https://en.wikipedia.org/wiki/Mercedes-Benz_in_Formula_One"", ""name"": ""Mercedes"", ""nationality"": ""German""}]"
2014,19,3,3,238,3,ricciardo,3,RIC,http://en.wikipedia.org/wiki/Daniel_Ricciardo,Daniel,Ricciardo,1989-07-01,Australian,"[{""constructorId"": ""red_bull"", ""url"": ""https://en.wikipedia.org/wiki/Red_Bull_Racing"", ""name"": ""Red Bull"", ""nationality"": ""Austrian""}]"
2014,19,4,4,186,0,bottas,77,BOT,http://en.wikipedia.org/wiki/Valtteri_Bottas,Valtteri,Bottas,1989-08-28,Finnish,"[{""constructorId"": ""williams"", ""url"": ""https://en.wikipedia.org/wiki/Williams_Racing"", ""name"": ""Williams"", ""nationality"": ""British""}]"
2014,19,5,5,167,0,vettel,5,VET,http://en.wikipedia.org/wiki/Sebastian_Vettel,Sebastian,Vettel,1987-07-03,German,"[{""constructorId"": ""red_bull"", ""url"": ""https://en.wikipedia.org/wiki/Red_Bull_Racing"", ""name"": ""Red Bull"", ""nationality"": ""Austrian""}]"
2014,19,6,6,161,0,alonso,14,ALO,http://en.wikipedia.org/wiki/Fernando_Alonso,Fernando,Alonso,1981-07-29,Spanish,"[{""constructorId"": ""ferrari"", ""url"": ""https://en.wikipedia.org/wiki/Scuderia_Ferrari"", ""name"": ""Ferrari"", ""nationality"": ""Italian""}]"
2014,19,7,7,134,0,massa,19,MAS,http://en.wikipedia.org/wiki/Felipe_Massa,Felipe,Massa,1981-04-25,Brazilian,"[{""constructorId"": ""williams"", ""url"": ""https://en.wikipedia.org/wiki/Williams_Racing"", ""name"": ""Williams"", ""nationality"": ""British""}]"
2014,19,8,8,126,0,button,22,BUT,http://en.wikipedia.org/wiki/Jenson_Button,Jenson,Button,1980-01-19,British,"[{""constructorId"": ""mclaren"", ""url"": ""https://en.wikipedia.org/wiki/McLaren"", ""name"": ""McLaren"", ""nationality"": ""British""}]"
2014,19,9,9,96,0,hulkenberg,27,HUL,http://en.wikipedia.org/wiki/Nico_H%C3%BClkenberg,Nico,Hülkenberg,1987-08-19,German,"[{""constructorId"": ""force_india"", ""url"": ""https://en.wikipedia.org/wiki/Racing_Point_Force_India"", ""name"": ""Force India"", ""nationality"": ""Indian""}]"
2014,19,10,10,59,0,perez,11,PER,http://en.wikipedia.org/wiki/Sergio_P%C3%A9rez,Sergio,Pérez,1990-01-26,Mexican,"[{""constructorId"": ""force_india"", ""url"": ""https://en.wikipedia.org/wiki/Racing_Point_Force_India"", ""name"": ""Force India"", ""nationality"": ""Indian""}]"
2014,19,11,11,55,0,kevin_magnussen,20,MAG,http://en.wikipedia.org/wiki/Kevin_Magnussen,Kevin,Magnussen,1992-10-05,Danish,"[{""constructorId"": ""mclaren"", ""url"": ""https://en.wikipedia.org/wiki/McLaren"", ""name"": ""McLaren"", ""nationality"": ""British""}]"
2014,19,12,12,55,0,raikkonen,7,RAI,http://en.wikipedia.org/wiki/Kimi_R%C3%A4ikk%C3%B6nen,Kimi,Räikkönen,1979-10-17,Finnish,"[{""constructorId"": ""ferrari"", ""url"": ""https://en.wikipedia.org/wiki/Scuderia_Ferrari"", ""name"": ""Ferrari"", ""nationality"": ""Italian""}]"
2014,19,13,13,22,0,vergne,25,VER,http://en.wikipedia.org/wiki/Jean-%C3%89ric_Vergne,Jean-Éric,Vergne,1990-04-25,French,"[{""constructorId"": ""toro_rosso"", ""url"": ""https://en.wikipedia.org/wiki/Scuderia_Toro_Rosso"", ""name"": ""Toro Rosso"", ""nationality"": ""Italian""}]"
2014,19,14,14,8,0,grosjean,8,GRO,http://en.wikipedia.org/wiki/Romain_Grosjean,Romain,Grosjean,1986-04-17,French,"[{""constructorId"": ""lotus_f1"", ""url"": ""https://en.wikipedia.org/wiki/Lotus_F1"", ""name"": ""Lotus F1"", ""nationality"": ""British""}]"
2014,19,15,15,8,0,kvyat,26,KVY,http://en.wikipedia.org/wiki/Daniil_Kvyat,Daniil,Kvyat,1994-04-26,Russian,"[{""constructorId"": ""toro_rosso"", ""url"": ""https://en.wikipedia.org/wiki/Scuderia_Toro_Rosso"", ""name"": ""Toro Rosso"", ""nationality"": ""Italian""}]"
2014,19,16,16,2,0,maldonado,13,MAL,http://en.wikipedia.org/wiki/Pastor_Maldonado,Pastor,Maldonado,1985-03-09,Venezuelan,"[{""constructorId"": ""lotus_f1"", ""url"": ""https://en.wikipedia.org/wiki/Lotus_F1"", ""name"": ""Lotus F1"", ""nationality"": ""British""}]"
2014,19,17,17,2,0,jules_bianchi,17,BIA,http://en.wikipedia.org/wiki/Jules_Bianchi,Jules,Bianchi,1989-08-03,French,"[{""constructorId"": ""marussia"", ""url"": ""https://en.wikipedia.org/wiki/Marussia_F1"", ""name"": ""Marussia"", ""nationality"": ""Russian""}]"
2014,19,18,18,0,0,sutil,99,SUT,http://en.wikipedia.org/wiki/Adrian_Sutil,Adrian,Sutil,1983-01-11,German,"[{""constructorId"": ""sauber"", ""url"": ""https://en.wikipedia.org/wiki/Sauber_Motorsport"", ""name"": ""Sauber"", ""nationality"": ""Swiss""}]"
2014,19,19,19,0,0,ericsson,9,ERI,http://en.wikipedia.org/wiki/Marcus_Ericsson,Marcus,Ericsson,1990-09-02,Swedish,"[{""constructorId"": ""caterham"", ""url"": ""https://en.wikipedia.org/wiki/Caterham_F1"", ""name"": ""Caterham"", ""nationality"": ""Malaysian""}]"
2014,19,20,20,0,0,gutierrez,21,GUT,http://en.wikipedia.org/wiki/Esteban_Guti%C3%A9rrez,Esteban,Gutiérrez,1991-08-05,Mexican,"[{""constructorId"": ""sauber"", ""url"": ""https://en.wikipedia.org/wiki/Sauber_Motorsport"", ""name"": ""Sauber"", ""nationality"": ""Swiss""}]"
2014,19,21,21,0,0,chilton,4,CHI,http://en.wikipedia.org/wiki/Max_Chilton,Max,Chilton,1991-04-21,British,"[{""constructorId"": ""marussia"", ""url"": ""https://en.wikipedia.org/wiki/Marussia_F1"", ""name"": ""Marussia"", ""nationality"": ""Russian""}]"
2014,19,22,22,0,0,kobayashi,10,KOB,http://en.wikipedia.org/wiki/Kamui_Kobayashi,Kamui,Kobayashi,1986-09-13,Japanese,"[{""constructorId"": ""caterham"", ""url"": ""https://en.wikipedia.org/wiki/Caterham_F1"", ""name"": ""Caterham"", ""nationality"": ""Malaysian""}]"
2014,19,23,23,0,0,stevens,28,STE,http://en.wikipedia.org/wiki/Will_Stevens,Will,Stevens,1991-06-28,British,"[{""constructorId"": ""caterham"", ""url"": ""https://en.wikipedia.org/wiki/Caterham_F1"", ""name"": ""Caterham"", ""nationality"": ""Malaysian""}]"
2014,19,,-,0,0,lotterer,45,LOT,http://en.wikipedia.org/wiki/Andr%C3%A9_Lotterer,André,Lotterer,1981-11-19,German,"[{""constructorId"": ""caterham"", ""url"": ""https://en.wikipedia.org/wiki/Caterham_F1"", ""name"": ""Caterham"", ""nationality"": ""Malaysian""}]"
2015,19,1,1,381,10,hamilton,44,HAM,http://en.wikipedia.org/wiki/Lewis_Hamilton,Lewis,Hamilton,1985-01-07,British,"[{""constructorId"": ""mercedes"", ""url"": ""https://en.wikipedia.org/wiki/Mercedes-Benz_in_Formula_One"", ""name"": ""Mercedes"", ""nationality"": ""German""}]"
2015,19,2,2,322,6,rosberg,6,ROS,http://en.wikipedia.org/wiki/Nico_Rosberg,Nico,Rosberg,1985-06-27,German,"[{""constructorId"": ""mercedes"", ""url"": ""https://en.wikipedia.org/wiki/Mercedes-Benz_in_Formula_One"", ""name"": ""Mercedes"", ""nationality"": ""German""}]"
2015,19,3,3,278,3,vettel,5,VET,http://en.wikipedia.org/wiki/Sebastian_Vettel,Sebastian,Vettel,1987-07-03,German,"[{""constructorId"": ""ferrari"", ""url"": ""https://en.wikipedia.org/wiki/Scuderia_Ferrari"", ""name"": ""Ferrari"", ""nationality"": ""Italian""}]"
2015,19,4,4,150,0,raikkonen,7,RAI,http://en.wikipedia.org/wiki/Kimi_R%C3%A4ikk%C3%B6nen,Kimi,Räikkönen,1979-10-17,Finnish,"[{""constructorId"": ""ferrari"", ""url"": ""https://en.wikipedia.org/wiki/Scuderia_Ferrari"", ""name"": ""Ferrari"", ""nationality"": ""Italian""}]"
2015,19,5,5,136,0,bottas,77,BOT,http://en.wikipedia.org/wiki/Valtteri_Bottas,Valtteri,Bottas,1989-08-28,Finnish,"[{""constructorId"": ""williams"", ""url"": ""https://en.wikipedia.org/wiki/Williams_Racing"", ""name"": ""Williams"", ""nationality"": ""British""}]"
2015,19,6,6,121,0,massa,19,MAS,http://en.wikipedia.org/wiki/Felipe_Massa,Felipe,Massa,1981-04-25,Brazilian,"[{""constructorId"": ""williams"", ""url"": ""https://en.wikipedia.org/wiki/Williams_Racing"", ""name"": ""Williams"", ""nationality"": ""British""}]"
2015,19,7,7,95,0,kvyat,26,KVY,http://en.wikipedia.org/wiki/Daniil_Kvyat,Daniil,Kvyat,1994-04-26,Russian,"[{""constructorId"": ""red_bull"", ""url"": ""https://en.wikipedia.org/wiki/Red_Bull_Racing"", ""name"": ""Red Bull"", ""nationality"": ""Austrian""}]"
2015,19,8,8,92,0,ricciardo,3,RIC,http://en.wikipedia.org/wiki/Daniel_Ricciardo,Daniel,Ricciardo,1989-07-01,Australian,"[{""constructorId"": ""red_bull"", ""url"": ""https://en.wikipedia.org/wiki/Red_Bull_Racing"", ""name"": ""Red Bull"", ""nationality"": ""Austrian""}]"
2015,19,9,9,78,0,perez,11,PER,http://en.wikipedia.org/wiki/Sergio_P%C3%A9rez,Sergio,Pérez,1990-01-26,Mexican,"[{""constructorId"": ""force_india"", ""url"": ""https://en.wikipedia.org/wiki/Racing_Point_Force_India"", ""name"": ""Force India"", ""nationality"": ""Indian""}]"
2015,19,10,10,58,0,hulkenberg,27,HUL,http://en.wikipedia.org/wiki/Nico_H%C3%BClkenberg,Nico,Hülkenberg,1987-08-19,German,"[{""constructorId"": ""force_india"", ""url"": ""https://en.wikipedia.org/wiki/Racing_Point_Force_India"", ""name"": ""Force India"", ""nationality"": ""Indian""}]"
2015,19,11,11,51,0,grosjean,8,GRO,http://en.wikipedia.org/wiki/Romain_Grosjean,Romain,Grosjean,1986-04-17,French,"[{""constructorId"": ""lotus_f1"", ""url"": ""https://en.wikipedia.org/wiki/Lotus_F1"", ""name"": ""Lotus F1"", ""nationality"": ""British""}]"
2015,19,12,12,49,0,max_verstappen,3,VER,http://en.wikipedia.org/wiki/Max_Verstappen,Max,Verstappen,1997-09-30,Dutch,"[{""constructorId"": ""toro_rosso"", ""url"": ""https://en.wikipedia.org/wiki/Scuderia_Toro_Rosso"", ""name"": ""Toro Rosso"", ""nationality"": ""Italian""}]"
2015,19,13,13,27,0,nasr,12,NAS,http://en.wikipedia.org/wiki/Felipe_Nasr,Felipe,Nasr,1992-08-21,Brazilian,"[{""constructorId"": ""sauber"", ""url"": ""https://en.wikipedia.org/wiki/Sauber_Motorsport"", ""name"": ""Sauber"", ""nationality"": ""Swiss""}]"
2015,19,14,14,27,0,maldonado,13,MAL,http://en.wikipedia.org/wiki/Pastor_Maldonado,Pastor,Maldonado,1985-03-09,Venezuelan,"[{""constructorId"": ""lotus_f1"", ""url"": ""https://en.wikipedia.org/wiki/Lotus_F1"", ""name"": ""Lotus F1"", ""nationality"": ""British""}]"
2015,19,15,15,18,0,sainz,55,SAI,http://en.wikipedia.org/wiki/Carlos_Sainz_Jr.,Carlos,Sainz,1994-09-01,Spanish,"[{""constructorId"": ""toro_rosso"", ""url"": ""https://en.wikipedia.org/wiki/Scuderia_Toro_Rosso"", ""name"": ""Toro Rosso"", ""nationality"": ""Italian""}]"
2015,19,16,16,16,0,button,22,BUT,http://en.wikipedia.org/wiki/Jenson_Button,Jenson,Button,1980-01-19,British,"[{""constructorId"": ""mclaren"", ""url"": ""https://en.wikipedia.org/wiki/McLaren"", ""name"": ""McLaren"", ""nationality"": ""British""}]"
2015,19,17,17,11,0,alonso,14,ALO,http://en.wikipedia.org/wiki/Fernando_Alonso,Fernando,Alonso,1981-07-29,Spanish,"[{""constructorId"": ""mclaren"", ""url"": ""https://en.wikipedia.org/wiki/McLaren"", ""name"": ""McLaren"", ""nationality"": ""British""}]"
2015,19,18,18,9,0,ericsson,9,ERI,http://en.wikipedia.org/wiki/Marcus_Ericsson,Marcus,Ericsson,1990-09-02,Swedish,"[{""constructorId"": ""sauber"", ""url"": ""https://en.wikipedia.org/wiki/Sauber_Motorsport"", ""name"": ""Sauber"", ""nationality"": ""Swiss""}]"
2015,19,19,19,0,0,merhi,98,MER,http://en.wikipedia.org/wiki/Roberto_Merhi,Roberto,Merhi,1991-03-22,Spanish,"[{""constructorId"": ""manor"", ""url"": ""https://en.wikipedia.org/wiki/Manor_Motorsport"", ""name"": ""Manor Marussia"", ""nationality"": ""British""}]"
2015,19,20,20,0,0,rossi,53,RSS,http://en.wikipedia.org/wiki/Alexander_Rossi_%28racing_driver%29,Alexander,Rossi,1991-09-25,American,"[{""constructorId"": ""manor"", ""url"": ""https://en.wikipedia.org/wiki/Manor_Motorsport"", ""name"": ""Manor Marussia"", ""nationality"": ""British""}]"
2015,19,21,21,0,0,stevens,28,STE,http://en.wikipedia.org/wiki/Will_Stevens,Will,Stevens,1991-06-28,British,"[{""constructorId"": ""manor"", ""url"": ""https://en.wikipedia.org/wiki/Manor_Motorsport"", ""name"": ""Manor Marussia"", ""nationality"": ""British""}]"
2015,19,,-,0,0,kevin_magnussen,20,MAG,http://en.wikipedia.org/wiki/Kevin_Magnussen,Kevin,Magnussen,1992-10-05,Danish,"[{""constructorId"": ""mclaren"", ""url"": ""https://en.wikipedia.org/wiki/McLaren"", ""name"": ""McLaren"", ""nationality"": ""British""}]"
2016,21,1,1,385,9,rosberg,6,ROS,http://en.wikipedia.org/wiki/Nico_Rosberg,Nico,Rosberg,1985-06-27,German,"[{""constructorId"": ""mercedes"", ""url"": ""https://en.wikipedia.org/wiki/Mercedes-Benz_in_Formula_One"", ""name"": ""Mercedes"", ""nationality"": ""German""}]"
2016,21,2,2,380,10,hamilton,44,HAM,http://en.wikipedia.org/wiki/Lewis_Hamilton,Lewis,Hamilton,1985-01-07,British,"[{""constructorId"": ""mercedes"", ""url"": ""https://en.wikipedia.org/wiki/Mercedes-Benz_in_Formula_One"", ""name"": ""Mercedes"", ""nationality"": ""German""}]"
2016,21,3,3,256,1,ricciardo,3,RIC,http://en.wikipedia.org/wiki/Daniel_Ricciardo,Daniel,Ricciardo,1989-07-01,Australian,"[{""constructorId"": ""red_bull"", ""url"": ""https://en.wikipedia.org/wiki/Red_Bull_Racing"", ""name"": ""Red Bull"", ""nationality"": ""Austrian""}]"
2016,21,4,4,212,0,vettel,5,VET,http://en.wikipedia.org/wiki/Sebastian_Vettel,Sebastian,Vettel,1987-07-03,German,"[{""constructorId"": ""ferrari"", ""url"": ""https://en.wikipedia.org/wiki/Scuderia_Ferrari"", ""name"": ""Ferrari"", ""nationality"": ""Italian""}]"
2016,21,5,5,204,1,max_verstappen,3,VER,http://en.wikipedia.org/wiki/Max_Verstappen,Max,Verstappen,1997-09-30,Dutch,"[{""constructorId"": ""toro_rosso"", ""url"": ""https://en.wikipedia.org/wiki/Scuderia_Toro_Rosso"", ""name"": ""Toro Rosso"", ""nationality"": ""Italian""}, {""constructorId"": ""red_bull"", ""url"": ""https://en.wikipedia.org/wiki/Red_Bull_Racing"", ""name"": ""Red Bull"", ""nationality"": ""Austrian""}]"
2016,21,6,6,186,0,raikkonen,7,RAI,http://en.wikipedia.org/wiki/Kimi_R%C3%A4ikk%C3%B6nen,Kimi,Räikkönen,1979-10-17,Finnish,"[{""constructorId"": ""ferrari"", ""url"": ""https://en.wikipedia.org/wiki/Scuderia_Ferrari"", ""name"": ""Ferrari"", ""nationality"": ""Italian""}]"
2016,21,7,7,101,0,perez,11,PER,http://en.wikipedia.org/wiki/Sergio_P%C3%A9rez,Sergio,Pérez,1990-01-26,Mexican,"[{""constructorId"": ""force_india"", ""url"": ""https://en.wikipedia.org/wiki/Racing_Point_Force_India"", ""name"": ""Force India"", ""nationality"": ""Indian""}]"
2016,21,8,8,85,0,bottas,77,BOT,http://en.wikipedia.org/wiki/Valtteri_Bottas,Valtteri,Bottas,1989-08-28,Finnish,"[{""constructorId"": ""williams"", ""url"": ""https://en.wikipedia.org/wiki/Williams_Racing"", ""name"": ""Williams"", ""nationality"": ""British""}]"
2016,21,9,9,72,0,hulkenberg,27,HUL,http://en.wikipedia.org/wiki/Nico_H%C3%BClkenberg,Nico,Hülkenberg,1987-08-19,German,"[{""constructorId"": ""force_india"", ""url"": ""https://en.wikipedia.org/wiki/Racing_Point_Force_India"", ""name"": ""Force India"", ""nationality"": ""Indian""}]"
2016,21,10,10,54,0,alonso,14,ALO,http://en.wikipedia.org/wiki/Fernando_Alonso,Fernando,Alonso,1981-07-29,Spanish,"[{""constructorId"": ""mclaren"", ""url"": ""https://en.wikipedia.org/wiki/McLaren"", ""name"": ""McLaren"", ""nationality"": ""British""}]"
2016,21,11,11,53,0,massa,19,MAS,http://en.wikipedia.org/wiki/Felipe_Massa,Felipe,Massa,1981-04-25,Brazilian,"[{""constructorId"": ""williams"", ""url"": ""https://en.wikipedia.org/wiki/Williams_Racing"", ""name"": ""Williams"", ""nationality"": ""British""}]"
2016,21,12,12,46,0,sainz,55,SAI,http://en.wikipedia.org/wiki/Carlos_Sainz_Jr.,Carlos,Sainz,1994-09-01,Spanish,"[{""constructorId"": ""toro_rosso"", ""url"": ""https://en.wikipedia.org/wiki/Scuderia_Toro_Rosso"", ""name"": ""Toro Rosso"", ""nationality"": ""Italian""}]"
2016,21,13,13,29,0,grosjean,8,GRO,http://en.wikipedia.org/wiki/Romain_Grosjean,Romain,Grosjean,1986-04-17,French,"[{""constructorId"": ""haas"", ""url"": ""https://en.wikipedia.org/wiki/Haas_F1_Team"", ""name"": ""Haas F1 Team"", ""nationality"": ""American""}]"
2016,21,14,14,25,0,kvyat,26,KVY,http://en.wikipedia.org/wiki/Daniil_Kvyat,Daniil,Kvyat,1994-04-26,Russian,"[{""constructorId"": ""red_bull"", ""url"": ""https://en.wikipedia.org/wiki/Red_Bull_Racing"", ""name"": ""Red Bull"", ""nationality"": ""Austrian""}, {""constructorId"": ""toro_rosso"", ""url"": ""https://en.wikipedia.org/wiki/Scuderia_Toro_Rosso"", ""name"": ""Toro Rosso"", ""nationality"": ""Italian""}]"
2016,21,15,15,21,0,button,22,BUT,http://en.wikipedia.org/wiki/Jenson_Button,Jenson,Button,1980-01-19,British,"[{""constructorId"": ""mclaren"", ""url"": ""https://en.wikipedia.org/wiki/McLaren"", ""name"": ""McLaren"", ""nationality"": ""British""}]"
2016,21,16,16,7,0,kevin_magnussen,20,MAG,http://en.wikipedia.org/wiki/Kevin_Magnussen,Kevin,Magnussen,1992-10-05,Danish,"[{""constructorId"": ""renault"", ""url"": ""https://en.wikipedia.org/wiki/Renault_in_Formula_One"", ""name"": ""Renault"", ""nationality"": ""French""}]"
2016,21,17,17,2,0,nasr,12,NAS,http://en.wikipedia.org/wiki/Felipe_Nasr,Felipe,Nasr,1992-08-21,Brazilian,"[{""constructorId"": ""sauber"", ""url"": ""https://en.wikipedia.org/wiki/Sauber_Motorsport"", ""name"": ""Sauber"", ""nationality"": ""Swiss""}]"
2016,21,18,18,1,0,jolyon_palmer,30,PAL,http://en.wikipedia.org/wiki/Jolyon_Palmer,Jolyon,Palmer,1991-01-20,British,"[{""constructorId"": ""renault"", ""url"": ""https://en.wikipedia.org/wiki/Renault_in_Formula_One"", ""name"": ""Renault"", ""nationality"": ""French""}]"
2016,21,19,19,1,0,wehrlein,94,WEH,http://en.wikipedia.org/wiki/Pascal_Wehrlein,Pascal,Wehrlein,1994-10-18,German,"[{""constructorId"": ""manor"", ""url"": ""https://en.wikipedia.org/wiki/Manor_Motorsport"", ""name"": ""Manor Marussia"", ""nationality"": ""British""}]"
2016,21,20,20,1,0,vandoorne,2,VAN,http://en.wikipedia.org/wiki/Stoffel_Vandoorne,Stoffel,Vandoorne,1992-03-26,Belgian,"[{""constructorId"": ""mclaren"", ""url"": ""https://en.wikipedia.org/wiki/McLaren"", ""name"": ""McLaren"", ""nationality"": ""British""}]"
2016,21,21,21,0,0,gutierrez,21,GUT,http://en.wikipedia.org/wiki/Esteban_Guti%C3%A9rrez,Esteban,Gutiérrez,1991-08-05,Mexican,"[{""constructorId"": ""haas"", ""url"": ""https://en.wikipedia.org/wiki/Haas_F1_Team"", ""name"": ""Haas F1 Team"", ""nationality"": ""American""}]"
2016,21,22,22,0,0,ericsson,9,ERI,http://en.wikipedia.org/wiki/Marcus_Ericsson,Marcus,Ericsson,1990-09-02,Swedish,"[{""constructorId"": ""sauber"", ""url"": ""https://en.wikipedia.org/wiki/Sauber_Motorsport"", ""name"": ""Sauber"", ""nationality"": ""Swiss""}]"
2016,21,23,23,0,0,ocon,31,OCO,http://en.wikipedia.org/wiki/Esteban_Ocon,Esteban,Ocon,1996-09-17,French,"[{""constructorId"": ""manor"", ""url"": ""https://en.wikipedia.org/wiki/Manor_Motorsport"", ""name"": ""Manor Marussia"", ""nationality"": ""British""}]"
2016,21,24,24,0,0,haryanto,88,HAR,http://en.wikipedia.org/wiki/Rio_Haryanto,Rio,Haryanto,1993-01-22,Indonesian,"[{""constructorId"": ""manor"", ""url"": ""https://en.wikipedia.org/wiki/Manor_Motorsport"", ""name"": ""Manor Marussia"", ""nationality"": ""British""}]"
2017,20,1,1,363,9,hamilton,44,HAM,http://en.wikipedia.org/wiki/Lewis_Hamilton,Lewis,Hamilton,1985-01-07,British,"[{""constructorId"": ""mercedes"", ""url"": ""https://en.wikipedia.org/wiki/Mercedes-Benz_in_Formula_One"", ""name"": ""Mercedes"", ""nationality"": ""German""}]"
2017,20,2,2,317,5,vettel,5,VET,http://en.wikipedia.org/wiki/Sebastian_Vettel,Sebastian,Vettel,1987-07-03,German,"[{""constructorId"": ""ferrari"", ""url"": ""https://en.wikipedia.org/wiki/Scuderia_Ferrari"", ""name"": ""Ferrari"", ""nationality"": ""Italian""}]"
2017,20,3,3,305,3,bottas,77,BOT,http://en.wikipedia.org/wiki/Valtteri_Bottas,Valtteri,Bottas,1989-08-28,Finnish,"[{""constructorId"": ""mercedes"", ""url"": ""https://en.wikipedia.org/wiki/Mercedes-Benz_in_Formula_One"", ""name"": ""Mercedes"", ""nationality"": ""German""}]"
2017,20,4,4,205,0,raikkonen,7,RAI,http://en.wikipedia.org/wiki/Kimi_R%C3%A4ikk%C3%B6nen,Kimi,Räikkönen,1979-10-17,Finnish,"[{""constructorId"": ""ferrari"", ""url"": ""https://en.wikipedia.org/wiki/Scuderia_Ferrari"", ""name"": ""Ferrari"", ""nationality"": ""Italian""}]"
2017,20,5,5,200,1,ricciardo,3,RIC,http://en.wikipedia.org/wiki/Daniel_Ricciardo,Daniel,Ricciardo,1989-07-01,Australian,"[{""constructorId"": ""red_bull"", ""url"": ""https://en.wikipedia.org/wiki/Red_Bull_Racing"", ""name"": ""Red Bull"", ""nationality"": ""Austrian""}]"
2017,20,6,6,168,2,max_verstappen,3,VER,http://en.wikipedia.org/wiki/Max_Verstappen,Max,Verstappen,1997-09-30,Dutch,"[{""constructorId"": ""red_bull"", ""url"": ""https://en.wikipedia.org/wiki/Red_Bull_Racing"", ""name"": ""Red Bull"", ""nationality"": ""Austrian""}]"
2017,20,7,7,100,0,perez,11,PER,http://en.wikipedia.org/wiki/Sergio_P%C3%A9rez,Sergio,Pérez,1990-01-26,Mexican,"[{""constructorId"": ""force_india"", ""url"": ""https://en.wikipedia.org/wiki/Racing_Point_Force_India"", ""name"": ""Force India"", ""nationality"": ""Indian""}]"
2017,20,8,8,87,0,ocon,31,OCO,http://en.wikipedia.org/wiki/Esteban_Ocon,Esteban,Ocon,1996-09-17,French,"[{""constructorId"": ""force_india"", ""url"": ""https://en.wikipedia.org/wiki/Racing_Point_Force_India"", ""name"": ""Force India"", ""nationality"": ""Indian""}]"
2017,20,9,9,54,0,sainz,55,SAI,http://en.wikipedia.org/wiki/Carlos_Sainz_Jr.,Carlos,Sainz,1994-09-01,Spanish,"[{""constructorId"": ""toro_rosso"", ""url"": ""https://en.wikipedia.org/wiki/Scuderia_Toro_Rosso"", ""name"": ""Toro Rosso"", ""nationality"": ""Italian""}, {""constructorId"": ""renault"", ""url"": ""https://en.wikipedia.org/wiki/Renault_in_Formula_One"", ""name"": ""Renault"", ""nationality"": ""French""}]"
2017,20,10,10,43,0,hulkenberg,27,HUL,http://en.wikipedia.org/wiki/Nico_H%C3%BClkenberg,Nico,Hülkenberg,1987-08-19,German,"[{""constructorId"": ""renault"", ""url"": ""https://en.wikipedia.org/wiki/Renault_in_Formula_One"", ""name"": ""Renault"", ""nationality"": ""French""}]"
2017,20,11,11,43,0,massa,19,MAS,http://en.wikipedia.org/wiki/Felipe_Massa,Felipe,Massa,1981-04-25,Brazilian,"[{""constructorId"": ""williams"", ""url"": ""https://en.wikipedia.org/wiki/Williams_Racing"", ""name"": ""Williams"", ""nationality"": ""British""}]"
2017,20,12,12,40,0,stroll,18,STR,http://en.wikipedia.org/wiki/Lance_Stroll,Lance,Stroll,1998-10-29,Canadian,"[{""constructorId"": ""williams"", ""url"": ""https://en.wikipedia.org/wiki/Williams_Racing"", ""name"": ""Williams"", ""nationality"": ""British""}]"
2017,20,13,13,28,0,grosjean,8,GRO,http://en.wikipedia.org/wiki/Romain_Grosjean,Romain,Grosjean,1986-04-17,French,"[{""constructorId"": ""haas"", ""url"": ""https://en.wikipedia.org/wiki/Haas_F1_Team"", ""name"": ""Haas F1 Team"", ""nationality"": ""American""}]"
2017,20,14,14,19,0,kevin_magnussen,20,MAG,http://en.wikipedia.org/wiki/Kevin_Magnussen,Kevin,Magnussen,1992-10-05,Danish,"[{""constructorId"": ""haas"", ""url"": ""https://en.wikipedia.org/wiki/Haas_F1_Team"", ""name"": ""Haas F1 Team"", ""nationality"": ""American""}]"
2017,20,15,15,17,0,alonso,14,ALO,http://en.wikipedia.org/wiki/Fernando_Alonso,Fernando,Alonso,1981-07-29,Spanish,"[{""constructorId"": ""mclaren"", ""url"": ""https://en.wikipedia.org/wiki/McLaren"", ""name"": ""McLaren"", ""nationality"": ""British""}]"
2017,20,16,16,13,0,vandoorne,2,VAN,http://en.wikipedia.org/wiki/Stoffel_Vandoorne,Stoffel,Vandoorne,1992-03-26,Belgian,"[{""constructorId"": ""mclaren"", ""url"": ""https://en.wikipedia.org/wiki/McLaren"", ""name"": ""McLaren"", ""nationality"": ""British""}]"
2017,20,17,17,8,0,jolyon_palmer,30,PAL,http://en.wikipedia.org/wiki/Jolyon_Palmer,Jolyon,Palmer,1991-01-20,British,"[{""constructorId"": ""renault"", ""url"": ""https://en.wikipedia.org/wiki/Renault_in_Formula_One"", ""name"": ""Renault"", ""nationality"": ""French""}]"
2017,20,18,18,5,0,wehrlein,94,WEH,http://en.wikipedia.org/wiki/Pascal_Wehrlein,Pascal,Wehrlein,1994-10-18,German,"[{""constructorId"": ""sauber"", ""url"": ""https://en.wikipedia.org/wiki/Sauber_Motorsport"", ""name"": ""Sauber"", ""nationality"": ""Swiss""}]"
2017,20,19,19,5,0,kvyat,26,KVY,http://en.wikipedia.org/wiki/Daniil_Kvyat,Daniil,Kvyat,1994-04-26,Russian,"[{""constructorId"": ""toro_rosso"", ""url"": ""https://en.wikipedia.org/wiki/Scuderia_Toro_Rosso"", ""name"": ""Toro Rosso"", ""nationality"": ""Italian""}]"
2017,20,20,20,0,0,ericsson,9,ERI,http://en.wikipedia.org/wiki/Marcus_Ericsson,Marcus,Ericsson,1990-09-02,Swedish,"[{""constructorId"": ""sauber"", ""url"": ""https://en.wikipedia.org/wiki/Sauber_Motorsport"", ""name"": ""Sauber"", ""nationality"": ""Swiss""}]"
2017,20,21,21,0,0,gasly,10,GAS,http://en.wikipedia.org/wiki/Pierre_Gasly,Pierre,Gasly,1996-02-07,French,"[{""constructorId"": ""toro_rosso"", ""url"": ""https://en.wikipedia.org/wiki/Scuderia_Toro_Rosso"", ""name"": ""Toro Rosso"", ""nationality"": ""Italian""}]"
2017,20,22,22,0,0,giovinazzi,99,GIO,http://en.wikipedia.org/wiki/Antonio_Giovinazzi,Antonio,Giovinazzi,1993-12-14,Italian,"[{""constructorId"": ""sauber"", ""url"": ""https://en.wikipedia.org/wiki/Sauber_Motorsport"", ""name"": ""Sauber"", ""nationality"": ""Swiss""}]"
2017,20,23,23,0,0,brendon_hartley,28,HAR,http://en.wikipedia.org/wiki/Brendon_Hartley,Brendon,Hartley,1989-11-10,New Zealander,"[{""constructorId"": ""toro_rosso"", ""url"": ""https://en.wikipedia.org/wiki/Scuderia_Toro_Rosso"", ""name"": ""Toro Rosso"", ""nationality"": ""Italian""}]"
2017,20,,-,0,0,button,22,BUT,http://en.wikipedia.org/wiki/Jenson_Button,Jenson,Button,1980-01-19,British,"[{""constructorId"": ""mclaren"", ""url"": ""https://en.wikipedia.org/wiki/McLaren"", ""name"": ""McLaren"", ""nationality"": ""British""}]"
2017,20,,-,0,0,resta,40,DIR,http://en.wikipedia.org/wiki/Paul_di_Resta,Paul,di Resta,1986-04-16,British,"[{""constructorId"": ""williams"", ""url"": ""https://en.wikipedia.org/wiki/Williams_Racing"", ""name"": ""Williams"", ""nationality"": ""British""}]"
2018,21,1,1,408,11,hamilton,44,HAM,http://en.wikipedia.org/wiki/Lewis_Hamilton,Lewis,Hamilton,1985-01-07,British,"[{""constructorId"": ""mercedes"", ""url"": ""https://en.wikipedia.org/wiki/Mercedes-Benz_in_Formula_One"", ""name"": ""Mercedes"", ""nationality"": ""German""}]"
2018,21,2,2,320,5,vettel,5,VET,http://en.wikipedia.org/wiki/Sebastian_Vettel,Sebastian,Vettel,1987-07-03,German,"[{""constructorId"": ""ferrari"", ""url"": ""https://en.wikipedia.org/wiki/Scuderia_Ferrari"", ""name"": ""Ferrari"", ""nationality"": ""Italian""}]"
2018,21,3,3,251,1,raikkonen,7,RAI,http://en.wikipedia.org/wiki/Kimi_R%C3%A4ikk%C3%B6nen,Kimi,Räikkönen,1979-10-17,Finnish,"[{""constructorId"": ""ferrari"", ""url"": ""https://en.wikipedia.org/wiki/Scuderia_Ferrari"", ""name"": ""Ferrari"", ""nationality"": ""Italian""}]"
2018,21,4,4,249,2,max_verstappen,3,VER,http://en.wikipedia.org/wiki/Max_Verstappen,Max,Verstappen,1997-09-30,Dutch,"[{""constructorId"": ""red_bull"", ""url"": ""https://en.wikipedia.org/wiki/Red_Bull_Racing"", ""name"": ""Red Bull"", ""nationality"": ""Austrian""}]"
2018,21,5,5,247,0,bottas,77,BOT,http://en.wikipedia.org/wiki/Valtteri_Bottas,Valtteri,Bottas,1989-08-28,Finnish,"[{""constructorId"": ""mercedes"", ""url"": ""https://en.wikipedia.org/wiki/Mercedes-Benz_in_Formula_One"", ""name"": ""Mercedes"", ""nationality"": ""German""}]"
2018,21,6,6,170,2,ricciardo,3,RIC,http://en.wikipedia.org/wiki/Daniel_Ricciardo,Daniel,Ricciardo,1989-07-01,Australian,"[{""constructorId"": ""red_bull"", ""url"": ""https://en.wikipedia.org/wiki/Red_Bull_Racing"", ""name"": ""Red Bull"", ""nationality"": ""Austrian""}]"
2018,21,7,7,69,0,hulkenberg,27,HUL,http://en.wikipedia.org/wiki/Nico_H%C3%BClkenberg,Nico,Hülkenberg,1987-08-19,German,"[{""constructorId"": ""renault"", ""url"": ""https://en.wikipedia.org/wiki/Renault_in_Formula_One"", ""name"": ""Renault"", ""nationality"": ""French""}]"
2018,21,8,8,62,0,perez,11,PER,http://en.wikipedia.org/wiki/Sergio_P%C3%A9rez,Sergio,Pérez,1990-01-26,Mexican,"[{""constructorId"": ""force_india"", ""url"": ""https://en.wikipedia.org/wiki/Racing_Point_Force_India"", ""name"": ""Force India"", ""nationality"": ""Indian""}]"
2018,21,9,9,56,0,kevin_magnussen,20,MAG,http://en.wikipedia.org/wiki/Kevin_Magnussen,Kevin,Magnussen,1992-10-05,Danish,"[{""constructorId"": ""haas"", ""url"": ""https://en.wikipedia.org/wiki/Haas_F1_Team"", ""name"": ""Haas F1 Team"", ""nationality"": ""American""}]"
2018,21,10,10,53,0,sainz,55,SAI,http://en.wikipedia.org/wiki/Carlos_Sainz_Jr.,Carlos,Sainz,1994-09-01,Spanish,"[{""constructorId"": ""renault"", ""url"": ""https://en.wikipedia.org/wiki/Renault_in_Formula_One"", ""name"": ""Renault"", ""nationality"": ""French""}]"
2018,21,11,11,50,0,alonso,14,ALO,http://en.wikipedia.org/wiki/Fernando_Alonso,Fernando,Alonso,1981-07-29,Spanish,"[{""constructorId"": ""mclaren"", ""url"": ""https://en.wikipedia.org/wiki/McLaren"", ""name"": ""McLaren"", ""nationality"": ""British""}]"
2018,21,12,12,49,0,ocon,31,OCO,http://en.wikipedia.org/wiki/Esteban_Ocon,Esteban,Ocon,1996-09-17,French,"[{""constructorId"": ""force_india"", ""url"": ""https://en.wikipedia.org/wiki/Racing_Point_Force_India"", ""name"": ""Force India"", ""nationality"": ""Indian""}]"
2018,21,13,13,39,0,leclerc,16,LEC,http://en.wikipedia.org/wiki/Charles_Leclerc,Charles,Leclerc,1997-10-16,Monegasque,"[{""constructorId"": ""sauber"", ""url"": ""https://en.wikipedia.org/wiki/Sauber_Motorsport"", ""name"": ""Sauber"", ""nationality"": ""Swiss""}]"
2018,21,14,14,37,0,grosjean,8,GRO,http://en.wikipedia.org/wiki/Romain_Grosjean,Romain,Grosjean,1986-04-17,French,"[{""constructorId"": ""haas"", ""url"": ""https://en.wikipedia.org/wiki/Haas_F1_Team"", ""name"": ""Haas F1 Team"", ""nationality"": ""American""}]"
2018,21,15,15,29,0,gasly,10,GAS,http://en.wikipedia.org/wiki/Pierre_Gasly,Pierre,Gasly,1996-02-07,French,"[{""constructorId"": ""toro_rosso"", ""url"": ""https://en.wikipedia.org/wiki/Scuderia_Toro_Rosso"", ""name"": ""Toro Rosso"", ""nationality"": ""Italian""}]"
2018,21,16,16,12,0,vandoorne,2,VAN,http://en.wikipedia.org/wiki/Stoffel_Vandoorne,Stoffel,Vandoorne,1992-03-26,Belgian,"[{""constructorId"": ""mclaren"", ""url"": ""https://en.wikipedia.org/wiki/McLaren"", ""name"": ""McLaren"", ""nationality"": ""British""}]"
2018,21,17,17,9,0,ericsson,9,ERI,http://en.wikipedia.org/wiki/Marcus_Ericsson,Marcus,Ericsson,1990-09-02,Swedish,"[{""constructorId"": ""sauber"", ""url"": ""https://en.wikipedia.org/wiki/Sauber_Motorsport"", ""name"": ""Sauber"", ""nationality"": ""Swiss""}]"
2018,21,18,18,6,0,stroll,18,STR,http://en.wikipedia.org/wiki/Lance_Stroll,Lance,Stroll,1998-10-29,Canadian,"[{""constructorId"": ""williams"", ""url"": ""https://en.wikipedia.org/wiki/Williams_Racing"", ""name"": ""Williams"", ""nationality"": ""British""}]"
2018,21,19,19,4,0,brendon_hartley,28,HAR,http://en.wikipedia.org/wiki/Brendon_Hartley,Brendon,Hartley,1989-11-10,New Zealander,"[{""constructorId"": ""toro_rosso"", ""url"": ""https://en.wikipedia.org/wiki/Scuderia_Toro_Rosso"", ""name"": ""Toro Rosso"", ""nationality"": ""Italian""}]"
2018,21,20,20,1,0,sirotkin,35,SIR,http://en.wikipedia.org/wiki/Sergey_Sirotkin_(racing_driver),Sergey,Sirotkin,1995-08-27,Russian,"[{""constructorId"": ""williams"", ""url"": ""https://en.wikipedia.org/wiki/Williams_Racing"", ""name"": ""Williams"", ""nationality"": ""British""}]"
2019,21,1,1,413,11,hamilton,44,HAM,http://en.wikipedia.org/wiki/Lewis_Hamilton,Lewis,Hamilton,1985-01-07,British,"[{""constructorId"": ""mercedes"", ""url"": ""https://en.wikipedia.org/wiki/Mercedes-Benz_in_Formula_One"", ""name"": ""Mercedes"", ""nationality"": ""German""}]"
2019,21,2,2,326,4,bottas,77,BOT,http://en.wikipedia.org/wiki/Valtteri_Bottas,Valtteri,Bottas,1989-08-28,Finnish,"[{""constructorId"": ""mercedes"", ""url"": ""https://en.wikipedia.org/wiki/Mercedes-Benz_in_Formula_One"", ""name"": ""Mercedes"", ""nationality"": ""German""}]"
2019,21,3,3,278,3,max_verstappen,3,VER,http://en.wikipedia.org/wiki/Max_Verstappen,Max,Verstappen,1997-09-30,Dutch,"[{""constructorId"": ""red_bull"", ""url"": ""https://en.wikipedia.org/wiki/Red_Bull_Racing"", ""name"": ""Red Bull"", ""nationality"": ""Austrian""}]"
2019,21,4,4,264,2,leclerc,16,LEC,http://en.wikipedia.org/wiki/Charles_Leclerc,Charles,Leclerc,1997-10-16,Monegasque,"[{""constructorId"": ""ferrari"", ""url"": ""https://en.wikipedia.org/wiki/Scuderia_Ferrari"", ""name"": ""Ferrari"", ""nationality"": ""Italian""}]"
2019,21,5,5,240,1,vettel,5,VET,http://en.wikipedia.org/wiki/Sebastian_Vettel,Sebastian,Vettel,1987-07-03,German,"[{""constructorId"": ""ferrari"", ""url"": ""https://en.wikipedia.org/wiki/Scuderia_Ferrari"", ""name"": ""Ferrari"", ""nationality"": ""Italian""}]"
2019,21,6,6,96,0,sainz,55,SAI,http://en.wikipedia.org/wiki/Carlos_Sainz_Jr.,Carlos,Sainz,1994-09-01,Spanish,"[{""constructorId"": ""mclaren"", ""url"": ""https://en.wikipedia.org/wiki/McLaren"", ""name"": ""McLaren"", ""nationality"": ""British""}]"
2019,21,7,7,95,0,gasly,10,GAS,http://en.wikipedia.org/wiki/Pierre_Gasly,Pierre,Gasly,1996-02-07,French,"[{""constructorId"": ""red_bull"", ""url"": ""https://en.wikipedia.org/wiki/Red_Bull_Racing"", ""name"": ""Red Bull"", ""nationality"": ""Austrian""}, {""constructorId"": ""toro_rosso"", ""url"": ""https://en.wikipedia.org/wiki/Scuderia_Toro_Rosso"", ""name"": ""Toro Rosso"", ""nationality"": ""Italian""}]"
2019,21,8,8,92,0,albon,23,ALB,http://en.wikipedia.org/wiki/Alexander_Albon,Alexander,Albon,1996-03-23,Thai,"[{""constructorId"": ""toro_rosso"", ""url"": ""https://en.wikipedia.org/wiki/Scuderia_Toro_Rosso"", ""name"": ""Toro Rosso"", ""nationality"": ""Italian""}, {""constructorId"": ""red_bull"", ""url"": ""https://en.wikipedia.org/wiki/Red_Bull_Racing"", ""name"": ""Red Bull"", ""nationality"": ""Austrian""}]"
2019,21,9,9,54,0,ricciardo,3,RIC,http://en.wikipedia.org/wiki/Daniel_Ricciardo,Daniel,Ricciardo,1989-07-01,Australian,"[{""constructorId"": ""renault"", ""url"": ""https://en.wikipedia.org/wiki/Renault_in_Formula_One"", ""name"": ""Renault"", ""nationality"": ""French""}]"
2019,21,10,10,52,0,perez,11,PER,http://en.wikipedia.org/wiki/Sergio_P%C3%A9rez,Sergio,Pérez,1990-01-26,Mexican,"[{""constructorId"": ""racing_point"", ""url"": ""https://en.wikipedia.org/wiki/Racing_Point_F1_Team"", ""name"": ""Racing Point"", ""nationality"": ""British""}]"
2019,21,11,11,49,0,norris,4,NOR,http://en.wikipedia.org/wiki/Lando_Norris,Lando,Norris,1999-11-13,British,"[{""constructorId"": ""mclaren"", ""url"": ""https://en.wikipedia.org/wiki/McLaren"", ""name"": ""McLaren"", ""nationality"": ""British""}]"
2019,21,12,12,43,0,raikkonen,7,RAI,http://en.wikipedia.org/wiki/Kimi_R%C3%A4ikk%C3%B6nen,Kimi,Räikkönen,1979-10-17,Finnish,"[{""constructorId"": ""alfa"", ""url"": ""https://en.wikipedia.org/wiki/Alfa_Romeo_in_Formula_One"", ""name"": ""Alfa Romeo"", ""nationality"": ""Swiss""}]"
2019,21,13,13,37,0,kvyat,26,KVY,http://en.wikipedia.org/wiki/Daniil_Kvyat,Daniil,Kvyat,1994-04-26,Russian,"[{""constructorId"": ""toro_rosso"", ""url"": ""https://en.wikipedia.org/wiki/Scuderia_Toro_Rosso"", ""name"": ""Toro Rosso"", ""nationality"": ""Italian""}]"
2019,21,14,14,37,0,hulkenberg,27,HUL,http://en.wikipedia.org/wiki/Nico_H%C3%BClkenberg,Nico,Hülkenberg,1987-08-19,German,"[{""constructorId"": ""renault"", ""url"": ""https://en.wikipedia.org/wiki/Renault_in_Formula_One"", ""name"": ""Renault"", ""nationality"": ""French""}]"
2019,21,15,15,21,0,stroll,18,STR,http://en.wikipedia.org/wiki/Lance_Stroll,Lance,Stroll,1998-10-29,Canadian,"[{""constructorId"": ""racing_point"", ""url"": ""https://en.wikipedia.org/wiki/Racing_Point_F1_Team"", ""name"": ""Racing Point"", ""nationality"": ""British""}]"
2019,21,16,16,20,0,kevin_magnussen,20,MAG,http://en.wikipedia.org/wiki/Kevin_Magnussen,Kevin,Magnussen,1992-10-05,Danish,"[{""constructorId"": ""haas"", ""url"": ""https://en.wikipedia.org/wiki/Haas_F1_Team"", ""name"": ""Haas F1 Team"", ""nationality"": ""American""}]"
2019,21,17,17,14,0,giovinazzi,99,GIO,http://en.wikipedia.org/wiki/Antonio_Giovinazzi,Antonio,Giovinazzi,1993-12-14,Italian,"[{""constructorId"": ""alfa"", ""url"": ""https://en.wikipedia.org/wiki/Alfa_Romeo_in_Formula_One"", ""name"": ""Alfa Romeo"", ""nationality"": ""Swiss""}]"
2019,21,18,18,8,0,grosjean,8,GRO,http://en.wikipedia.org/wiki/Romain_Grosjean,Romain,Grosjean,1986-04-17,French,"[{""constructorId"": ""haas"", ""url"": ""https://en.wikipedia.org/wiki/Haas_F1_Team"", ""name"": ""Haas F1 Team"", ""nationality"": ""American""}]"
2019,21,19,19,1,0,kubica,88,KUB,http://en.wikipedia.org/wiki/Robert_Kubica,Robert,Kubica,1984-12-07,Polish,"[{""constructorId"": ""williams"", ""url"": ""https://en.wikipedia.org/wiki/Williams_Racing"", ""name"": ""Williams"", ""nationality"": ""British""}]"
2019,21,20,20,0,0,russell,63,RUS,http://en.wikipedia.org/wiki/George_Russell_(racing_driver),George,Russell,1998-02-15,British,"[{""constructorId"": ""williams"", ""url"": ""https://en.wikipedia.org/wiki/Williams_Racing"", ""name"": ""Williams"", ""nationality"": ""British""}]"
2020,17,1,1,347,11,hamilton,44,HAM,http://en.wikipedia.org/wiki/Lewis_Hamilton,Lewis,Hamilton,1985-01-07,British,"[{""constructorId"": ""mercedes"", ""url"": ""https://en.wikipedia.org/wiki/Mercedes-Benz_in_Formula_One"", ""name"": ""Mercedes"", ""nationality"": ""German""}]"
2020,17,2,2,223,2,bottas,77,BOT,http://en.wikipedia.org/wiki/Valtteri_Bottas,Valtteri,Bottas,1989-08-28,Finnish,"[{""constructorId"": ""mercedes"", ""url"": ""https://en.wikipedia.org/wiki/Mercedes-Benz_in_Formula_One"", ""name"": ""Mercedes"", ""nationality"": ""German""}]"
2020,17,3,3,214,2,max_verstappen,3,VER,http://en.wikipedia.org/wiki/Max_Verstappen,Max,Verstappen,1997-09-30,Dutch,"[{""constructorId"": ""red_bull"", ""url"": ""https://en.wikipedia.org/wiki/Red_Bull_Racing"", ""name"": ""Red Bull"", ""nationality"": ""Austrian""}]"
2020,17,4,4,125,1,perez,11,PER,http://en.wikipedia.org/wiki/Sergio_P%C3%A9rez,Sergio,Pérez,1990-01-26,Mexican,"[{""constructorId"": ""racing_point"", ""url"": ""https://en.wikipedia.org/wiki/Racing_Point_F1_Team"", ""name"": ""Racing Point"", ""nationality"": ""British""}]"
2020,17,5,5,119,0,ricciardo,3,RIC,http://en.wikipedia.org/wiki/Daniel_Ricciardo,Daniel,Ricciardo,1989-07-01,Australian,"[{""constructorId"": ""renault"", ""url"": ""https://en.wikipedia.org/wiki/Renault_in_Formula_One"", ""name"": ""Renault"", ""nationality"": ""French""}]"
2020,17,6,6,105,0,sainz,55,SAI,http://en.wikipedia.org/wiki/Carlos_Sainz_Jr.,Carlos,Sainz,1994-09-01,Spanish,"[{""constructorId"": ""mclaren"", ""url"": ""https://en.wikipedia.org/wiki/McLaren"", ""name"": ""McLaren"", ""nationality"": ""British""}]"
2020,17,7,7,105,0,albon,23,ALB,http://en.wikipedia.org/wiki/Alexander_Albon,Alexander,Albon,1996-03-23,Thai,"[{""constructorId"": ""red_bull"", ""url"": ""https://en.wikipedia.org/wiki/Red_Bull_Racing"", ""name"": ""Red Bull"", ""nationality"": ""Austrian""}]"
2020,17,8,8,98,0,leclerc,16,LEC,http://en.wikipedia.org/wiki/Charles_Leclerc,Charles,Leclerc,1997-10-16,Monegasque,"[{""constructorId"": ""ferrari"", ""url"": ""https://en.wikipedia.org/wiki/Scuderia_Ferrari"", ""name"": ""Ferrari"", ""nationality"": ""Italian""}]"
2020,17,9,9,97,0,norris,4,NOR,http://en.wikipedia.org/wiki/Lando_Norris,Lando,Norris,1999-11-13,British,"[{""constructorId"": ""mclaren"", ""url"": ""https://en.wikipedia.org/wiki/McLaren"", ""name"": ""McLaren"", ""nationality"": ""British""}]"
2020,17,10,10,75,1,gasly,10,GAS,http://en.wikipedia.org/wiki/Pierre_Gasly,Pierre,Gasly,1996-02-07,French,"[{""constructorId"": ""alphatauri"", ""url"": ""https://en.wikipedia.org/wiki/Scuderia_AlphaTauri"", ""name"": ""AlphaTauri"", ""nationality"": ""Italian""}]"
2020,17,11,11,75,0,stroll,18,STR,http://en.wikipedia.org/wiki/Lance_Stroll,Lance,Stroll,1998-10-29,Canadian,"[{""constructorId"": ""racing_point"", ""url"": ""https://en.wikipedia.org/wiki/Racing_Point_F1_Team"", ""name"": ""Racing Point"", ""nationality"": ""British""}]"
2020,17,12,12,62,0,ocon,31,OCO,http://en.wikipedia.org/wiki/Esteban_Ocon,Esteban,Ocon,1996-09-17,French,"[{""constructorId"": ""renault"", ""url"": ""https://en.wikipedia.org/wiki/Renault_in_Formula_One"", ""name"": ""Renault"", ""nationality"": ""French""}]"
2020,17,13,13,33,0,vettel,5,VET,http://en.wikipedia.org/wiki/Sebastian_Vettel,Sebastian,Vettel,1987-07-03,German,"[{""constructorId"": ""ferrari"", ""url"": ""https://en.wikipedia.org/wiki/Scuderia_Ferrari"", ""name"": ""Ferrari"", ""nationality"": ""Italian""}]"
2020,17,14,14,32,0,kvyat,26,KVY,http://en.wikipedia.org/wiki/Daniil_Kvyat,Daniil,Kvyat,1994-04-26,Russian,"[{""constructorId"": ""alphatauri"", ""url"": ""https://en.wikipedia.org/wiki/Scuderia_AlphaTauri"", ""name"": ""AlphaTauri"", ""nationality"": ""Italian""}]"
2020,17,15,15,10,0,hulkenberg,27,HUL,http://en.wikipedia.org/wiki/Nico_H%C3%BClkenberg,Nico,Hülkenberg,1987-08-19,German,"[{""constructorId"": ""racing_point"", ""url"": ""https://en.wikipedia.org/wiki/Racing_Point_F1_Team"", ""name"": ""Racing Point"", ""nationality"": ""British""}]"
2020,17,16,16,4,0,raikkonen,7,RAI,http://en.wikipedia.org/wiki/Kimi_R%C3%A4ikk%C3%B6nen,Kimi,Räikkönen,1979-10-17,Finnish,"[{""constructorId"": ""alfa"", ""url"": ""https://en.wikipedia.org/wiki/Alfa_Romeo_in_Formula_One"", ""name"": ""Alfa Romeo"", ""nationality"": ""Swiss""}]"
2020,17,17,17,4,0,giovinazzi,99,GIO,http://en.wikipedia.org/wiki/Antonio_Giovinazzi,Antonio,Giovinazzi,1993-12-14,Italian,"[{""constructorId"": ""alfa"", ""url"": ""https://en.wikipedia.org/wiki/Alfa_Romeo_in_Formula_One"", ""name"": ""Alfa Romeo"", ""nationality"": ""Swiss""}]"
2020,17,18,18,3,0,russell,63,RUS,http://en.wikipedia.org/wiki/George_Russell_(racing_driver),George,Russell,1998-02-15,British,"[{""constructorId"": ""williams"", ""url"": ""https://en.wikipedia.org/wiki/Williams_Racing"", ""name"": ""Williams"", ""nationality"": ""British""}, {""constructorId"": ""mercedes"", ""url"": ""https://en.wikipedia.org/wiki/Mercedes-Benz_in_Formula_One"", ""name"": ""Mercedes"", ""nationality"": ""German""}]"
2020,17,19,19,2,0,grosjean,8,GRO,http://en.wikipedia.org/wiki/Romain_Grosjean,Romain,Grosjean,1986-04-17,French,"[{""constructorId"": ""haas"", ""url"": ""https://en.wikipedia.org/wiki/Haas_F1_Team"", ""name"": ""Haas F1 Team"", ""nationality"": ""American""}]"
2020,17,20,20,1,0,kevin_magnussen,20,MAG,http://en.wikipedia.org/wiki/Kevin_Magnussen,Kevin,Magnussen,1992-10-05,Danish,"[{""constructorId"": ""haas"", ""url"": ""https://en.wikipedia.org/wiki/Haas_F1_Team"", ""name"": ""Haas F1 Team"", ""nationality"": ""American""}]"
2020,17,21,21,0,0,latifi,6,LAT,http://en.wikipedia.org/wiki/Nicholas_Latifi,Nicholas,Latifi,1995-06-29,Canadian,"[{""constructorId"": ""williams"", ""url"": ""https://en.wikipedia.org/wiki/Williams_Racing"", ""name"": ""Williams"", ""nationality"": ""British""}]"
2020,17,22,22,0,0,aitken,89,AIT,http://en.wikipedia.org/wiki/Jack_Aitken,Jack,Aitken,1995-09-23,British,"[{""constructorId"": ""williams"", ""url"": ""https://en.wikipedia.org/wiki/Williams_Racing"", ""name"": ""Williams"", ""nationality"": ""British""}]"
2020,17,23,23,0,0,pietro_fittipaldi,51,FIT,http://en.wikipedia.org/wiki/Pietro_Fittipaldi,Pietro,Fittipaldi,1996-06-25,Brazilian,"[{""constructorId"": ""haas"", ""url"": ""https://en.wikipedia.org/wiki/Haas_F1_Team"", ""name"": ""Haas F1 Team"", ""nationality"": ""American""}]"
2021,22,1,1,395.5,10,max_verstappen,3,VER,http://en.wikipedia.org/wiki/Max_Verstappen,Max,Verstappen,1997-09-30,Dutch,"[{""constructorId"": ""red_bull"", ""url"": ""https://en.wikipedia.org/wiki/Red_Bull_Racing"", ""name"": ""Red Bull"", ""nationality"": ""Austrian""}]"
2021,22,2,2,387.5,8,hamilton,44,HAM,http://en.wikipedia.org/wiki/Lewis_Hamilton,Lewis,Hamilton,1985-01-07,British,"[{""constructorId"": ""mercedes"", ""url"": ""https://en.wikipedia.org/wiki/Mercedes-Benz_in_Formula_One"", ""name"": ""Mercedes"", ""nationality"": ""German""}]"
2021,22,3,3,226,1,bottas,77,BOT,http://en.wikipedia.org/wiki/Valtteri_Bottas,Valtteri,Bottas,1989-08-28,Finnish,"[{""constructorId"": ""mercedes"", ""url"": ""https://en.wikipedia.org/wiki/Mercedes-Benz_in_Formula_One"", ""name"": ""Mercedes"", ""nationality"": ""German""}]"
2021,22,4,4,190,1,perez,11,PER,http://en.wikipedia.org/wiki/Sergio_P%C3%A9rez,Sergio,Pérez,1990-01-26,Mexican,"[{""constructorId"": ""red_bull"", ""url"": ""https://en.wikipedia.org/wiki/Red_Bull_Racing"", ""name"": ""Red Bull"", ""nationality"": ""Austrian""}]"
2021,22,5,5,164.5,0,sainz,55,SAI,http://en.wikipedia.org/wiki/Carlos_Sainz_Jr.,Carlos,Sainz,1994-09-01,Spanish,"[{""constructorId"": ""ferrari"", ""url"": ""https://en.wikipedia.org/wiki/Scuderia_Ferrari"", ""name"": ""Ferrari"", ""nationality"": ""Italian""}]"
2021,22,6,6,160,0,norris,4,NOR,http://en.wikipedia.org/wiki/Lando_Norris,Lando,Norris,1999-11-13,British,"[{""constructorId"": ""mclaren"", ""url"": ""https://en.wikipedia.org/wiki/McLaren"", ""name"": ""McLaren"", ""nationality"": ""British""}]"
2021,22,7,7,159,0,leclerc,16,LEC,http://en.wikipedia.org/wiki/Charles_Leclerc,Charles,Leclerc,1997-10-16,Monegasque,"[{""constructorId"": ""ferrari"", ""url"": ""https://en.wikipedia.org/wiki/Scuderia_Ferrari"", ""name"": ""Ferrari"", ""nationality"": ""Italian""}]"
2021,22,8,8,115,1,ricciardo,3,RIC,http://en.wikipedia.org/wiki/Daniel_Ricciardo,Daniel,Ricciardo,1989-07-01,Australian,"[{""constructorId"": ""mclaren"", ""url"": ""https://en.wikipedia.org/wiki/McLaren"", ""name"": ""McLaren"", ""nationality"": ""British""}]"
2021,22,9,9,110,0,gasly,10,GAS,http://en.wikipedia.org/wiki/Pierre_Gasly,Pierre,Gasly,1996-02-07,French,"[{""constructorId"": ""alphatauri"", ""url"": ""https://en.wikipedia.org/wiki/Scuderia_AlphaTauri"", ""name"": ""AlphaTauri"", ""nationality"": ""Italian""}]"
2021,22,10,10,81,0,alonso,14,ALO,http://en.wikipedia.org/wiki/Fernando_Alonso,Fernando,Alonso,1981-07-29,Spanish,"[{""constructorId"": ""alpine"", ""url"": ""https://en.wikipedia.org/wiki/Alpine_F1_Team"", ""name"": ""Alpine F1 Team"", ""nationality"": ""French""}]"
2021,22,11,11,74,1,ocon,31,OCO,http://en.wikipedia.org/wiki/Esteban_Ocon,Esteban,Ocon,1996-09-17,French,"[{""constructorId"": ""alpine"", ""url"": ""https://en.wikipedia.org/wiki/Alpine_F1_Team"", ""name"": ""Alpine F1 Team"", ""nationality"": ""French""}]"
2021,22,12,12,43,0,vettel,5,VET,http://en.wikipedia.org/wiki/Sebastian_Vettel,Sebastian,Vettel,1987-07-03,German,"[{""constructorId"": ""aston_martin"", ""url"": ""https://en.wikipedia.org/wiki/Aston_Martin_in_Formula_One"", ""name"": ""Aston Martin"", ""nationality"": ""British""}]"
2021,22,13,13,34,0,stroll,18,STR,http://en.wikipedia.org/wiki/Lance_Stroll,Lance,Stroll,1998-10-29,Canadian,"[{""constructorId"": ""aston_martin"", ""url"": ""https://en.wikipedia.org/wiki/Aston_Martin_in_Formula_One"", ""name"": ""Aston Martin"", ""nationality"": ""British""}]"
2021,22,14,14,32,0,tsunoda,22,TSU,http://en.wikipedia.org/wiki/Yuki_Tsunoda,Yuki,Tsunoda,2000-05-11,Japanese,"[{""constructorId"": ""alphatauri"", ""url"": ""https://en.wikipedia.org/wiki/Scuderia_AlphaTauri"", ""name"": ""AlphaTauri"", ""nationality"": ""Italian""}]"
2021,22,15,15,16,0,russell,63,RUS,http://en.wikipedia.org/wiki/George_Russell_(racing_driver),George,Russell,1998-02-15,British,"[{""constructorId"": ""williams"", ""url"": ""https://en.wikipedia.org/wiki/Williams_Racing"", ""name"": ""Williams"", ""nationality"": ""British""}]"
2021,22,16,16,10,0,raikkonen,7,RAI,http://en.wikipedia.org/wiki/Kimi_R%C3%A4ikk%C3%B6nen,Kimi,Räikkönen,1979-10-17,Finnish,"[{""constructorId"": ""alfa"", ""url"": ""https://en.wikipedia.org/wiki/Alfa_Romeo_in_Formula_One"", ""name"": ""Alfa Romeo"", ""nationality"": ""Swiss""}]"
2021,22,17,17,7,0,latifi,6,LAT,http://en.wikipedia.org/wiki/Nicholas_Latifi,Nicholas,Latifi,1995-06-29,Canadian,"[{""constructorId"": ""williams"", ""url"": ""https://en.wikipedia.org/wiki/Williams_Racing"", ""name"": ""Williams"", ""nationality"": ""British""}]"
2021,22,18,18,3,0,giovinazzi,99,GIO,http://en.wikipedia.org/wiki/Antonio_Giovinazzi,Antonio,Giovinazzi,1993-12-14,Italian,"[{""constructorId"": ""alfa"", ""url"": ""https://en.wikipedia.org/wiki/Alfa_Romeo_in_Formula_One"", ""name"": ""Alfa Romeo"", ""nationality"": ""Swiss""}]"
2021,22,19,19,0,0,mick_schumacher,47,MSC,http://en.wikipedia.org/wiki/Mick_Schumacher,Mick,Schumacher,1999-03-22,German,"[{""constructorId"": ""haas"", ""url"": ""https://en.wikipedia.org/wiki/Haas_F1_Team"", ""name"": ""Haas F1 Team"", ""nationality"": ""American""}]"
2021,22,20,20,0,0,kubica,88,KUB,http://en.wikipedia.org/wiki/Robert_Kubica,Robert,Kubica,1984-12-07,Polish,"[{""constructorId"": ""alfa"", ""url"": ""https://en.wikipedia.org/wiki/Alfa_Romeo_in_Formula_One"", ""name"": ""Alfa Romeo"", ""nationality"": ""Swiss""}]"
2021,22,21,21,0,0,mazepin,9,MAZ,http://en.wikipedia.org/wiki/Nikita_Mazepin,Nikita,Mazepin,1999-03-02,Russian,"[{""constructorId"": ""haas"", ""url"": ""https://en.wikipedia.org/wiki/Haas_F1_Team"", ""name"": ""Haas F1 Team"", ""nationality"": ""American""}]"
2022,22,1,1,454,15,max_verstappen,3,VER,http://en.wikipedia.org/wiki/Max_Verstappen,Max,Verstappen,1997-09-30,Dutch,"[{""constructorId"": ""red_bull"", ""url"": ""https://en.wikipedia.org/wiki/Red_Bull_Racing"", ""name"": ""Red Bull"", ""nationality"": ""Austrian""}]"
2022,22,2,2,308,3,leclerc,16,LEC,http://en.wikipedia.org/wiki/Charles_Leclerc,Charles,Leclerc,1997-10-16,Monegasque,"[{""constructorId"": ""ferrari"", ""url"": ""https://en.wikipedia.org/wiki/Scuderia_Ferrari"", ""name"": ""Ferrari"", ""nationality"": ""Italian""}]"
2022,22,3,3,305,2,perez,11,PER,http://en.wikipedia.org/wiki/Sergio_P%C3%A9rez,Sergio,Pérez,1990-01-26,Mexican,"[{""constructorId"": ""red_bull"", ""url"": ""https://en.wikipedia.org/wiki/Red_Bull_Racing"", ""name"": ""Red Bull"", ""nationality"": ""Austrian""}]"
2022,22,4,4,275,1,russell,63,RUS,http://en.wikipedia.org/wiki/George_Russell_(racing_driver),George,Russell,1998-02-15,British,"[{""constructorId"": ""mercedes"", ""url"": ""https://en.wikipedia.org/wiki/Mercedes-Benz_in_Formula_One"", ""name"": ""Mercedes"", ""nationality"": ""German""}]"
2022,22,5,5,246,1,sainz,55,SAI,http://en.wikipedia.org/wiki/Carlos_Sainz_Jr.,Carlos,Sainz,1994-09-01,Spanish,"[{""constructorId"": ""ferrari"", ""url"": ""https://en.wikipedia.org/wiki/Scuderia_Ferrari"", ""name"": ""Ferrari"", ""nationality"": ""Italian""}]"
2022,22,6,6,240,0,hamilton,44,HAM,http://en.wikipedia.org/wiki/Lewis_Hamilton,Lewis,Hamilton,1985-01-07,British,"[{""constructorId"": ""mercedes"", ""url"": ""https://en.wikipedia.org/wiki/Mercedes-Benz_in_Formula_One"", ""name"": ""Mercedes"", ""nationality"": ""German""}]"
2022,22,7,7,122,0,norris,4,NOR,http://en.wikipedia.org/wiki/Lando_Norris,Lando,Norris,1999-11-13,British,"[{""constructorId"": ""mclaren"", ""url"": ""https://en.wikipedia.org/wiki/McLaren"", ""name"": ""McLaren"", ""nationality"": ""British""}]"
2022,22,8,8,92,0,ocon,31,OCO,http://en.wikipedia.org/wiki/Esteban_Ocon,Esteban,Ocon,1996-09-17,French,"[{""constructorId"": ""alpine"", ""url"": ""https://en.wikipedia.org/wiki/Alpine_F1_Team"", ""name"": ""Alpine F1 Team"", ""nationality"": ""French""}]"
2022,22,9,9,81,0,alonso,14,ALO,http://en.wikipedia.org/wiki/Fernando_Alonso,Fernando,Alonso,1981-07-29,Spanish,"[{""constructorId"": ""alpine"", ""url"": ""https://en.wikipedia.org/wiki/Alpine_F1_Team"", ""name"": ""Alpine F1 Team"", ""nationality"": ""French""}]"
2022,22,10,10,49,0,bottas,77,BOT,http://en.wikipedia.org/wiki/Valtteri_Bottas,Valtteri,Bottas,1989-08-28,Finnish,"[{""constructorId"": ""alfa"", ""url"": ""https://en.wikipedia.org/wiki/Alfa_Romeo_in_Formula_One"", ""name"": ""Alfa Romeo"", ""nationality"": ""Swiss""}]"
2022,22,11,11,37,0,ricciardo,3,RIC,http://en.wikipedia.org/wiki/Daniel_Ricciardo,Daniel,Ricciardo,1989-07-01,Australian,"[{""constructorId"": ""mclaren"", ""url"": ""https://en.wikipedia.org/wiki/McLaren"", ""name"": ""McLaren"", ""nationality"": ""British""}]"
2022,22,12,12,37,0,vettel,5,VET,http://en.wikipedia.org/wiki/Sebastian_Vettel,Sebastian,Vettel,1987-07-03,German,"[{""constructorId"": ""aston_martin"", ""url"": ""https://en.wikipedia.org/wiki/Aston_Martin_in_Formula_One"", ""name"": ""Aston Martin"", ""nationality"": ""British""}]"
2022,22,13,13,25,0,kevin_magnussen,20,MAG,http://en.wikipedia.org/wiki/Kevin_Magnussen,Kevin,Magnussen,1992-10-05,Danish,"[{""constructorId"": ""haas"", ""url"": ""https://en.wikipedia.org/wiki/Haas_F1_Team"", ""name"": ""Haas F1 Team"", ""nationality"": ""American""}]"
2022,22,14,14,23,0,gasly,10,GAS,http://en.wikipedia.org/wiki/Pierre_Gasly,Pierre,Gasly,1996-02-07,French,"[{""constructorId"": ""alphatauri"", ""url"": ""https://en.wikipedia.org/wiki/Scuderia_AlphaTauri"", ""name"": ""AlphaTauri"", ""nationality"": ""Italian""}]"
2022,22,15,15,18,0,stroll,18,STR,http://en.wikipedia.org/wiki/Lance_Stroll,Lance,Stroll,1998-10-29,Canadian,"[{""constructorId"": ""aston_martin"", ""url"": ""https://en.wikipedia.org/wiki/Aston_Martin_in_Formula_One"", ""name"": ""Aston Martin"", ""nationality"": ""British""}]"
2022,22,16,16,12,0,mick_schumacher,47,MSC,http://en.wikipedia.org/wiki/Mick_Schumacher,Mick,Schumacher,1999-03-22,German,"[{""constructorId"": ""haas"", ""url"": ""https://en.wikipedia.org/wiki/Haas_F1_Team"", ""name"": ""Haas F1 Team"", ""nationality"": ""American""}]"
2022,22,17,17,12,0,tsunoda,22,TSU,http://en.wikipedia.org/wiki/Yuki_Tsunoda,Yuki,Tsunoda,2000-05-11,Japanese,"[{""constructorId"": ""alphatauri"", ""url"": ""https://en.wikipedia.org/wiki/Scuderia_AlphaTauri"", ""name"": ""AlphaTauri"", ""nationality"": ""Italian""}]"
2022,22,18,18,6,0,zhou,24,ZHO,http://en.wikipedia.org/wiki/Zhou_Guanyu,Guanyu,Zhou,1999-05-30,Chinese,"[{""constructorId"": ""alfa"", ""url"": ""https://en.wikipedia.org/wiki/Alfa_Romeo_in_Formula_One"", ""name"": ""Alfa Romeo"", ""nationality"": ""Swiss""}]"
2022,22,19,19,4,0,albon,23,ALB,http://en.wikipedia.org/wiki/Alexander_Albon,Alexander,Albon,1996-03-23,Thai,"[{""constructorId"": ""williams"", ""url"": ""https://en.wikipedia.org/wiki/Williams_Racing"", ""name"": ""Williams"", ""nationality"": ""British""}]"
2022,22,20,20,2,0,latifi,6,LAT,http://en.wikipedia.org/wiki/Nicholas_Latifi,Nicholas,Latifi,1995-06-29,Canadian,"[{""constructorId"": ""williams"", ""url"": ""https://en.wikipedia.org/wiki/Williams_Racing"", ""name"": ""Williams"", ""nationality"": ""British""}]"
2022,22,21,21,2,0,de_vries,21,DEV,http://en.wikipedia.org/wiki/Nyck_de_Vries,Nyck,de Vries,1995-02-06,Dutch,"[{""constructorId"": ""williams"", ""url"": ""https://en.wikipedia.org/wiki/Williams_Racing"", ""name"": ""Williams"", ""nationality"": ""British""}]"
2022,22,22,22,0,0,hulkenberg,27,HUL,http://en.wikipedia.org/wiki/Nico_H%C3%BClkenberg,Nico,Hülkenberg,1987-08-19,German,"[{""constructorId"": ""aston_martin"", ""url"": ""https://en.wikipedia.org/wiki/Aston_Martin_in_Formula_One"", ""name"": ""Aston Martin"", ""nationality"": ""British""}]"
2023,22,1,1,575,19,max_verstappen,3,VER,http://en.wikipedia.org/wiki/Max_Verstappen,Max,Verstappen,1997-09-30,Dutch,"[{""constructorId"": ""red_bull"", ""url"": ""https://en.wikipedia.org/wiki/Red_Bull_Racing"", ""name"": ""Red Bull"", ""nationality"": ""Austrian""}]"
2023,22,2,2,285,2,perez,11,PER,http://en.wikipedia.org/wiki/Sergio_P%C3%A9rez,Sergio,Pérez,1990-01-26,Mexican,"[{""constructorId"": ""red_bull"", ""url"": ""https://en.wikipedia.org/wiki/Red_Bull_Racing"", ""name"": ""Red Bull"", ""nationality"": ""Austrian""}]"
2023,22,3,3,234,0,hamilton,44,HAM,http://en.wikipedia.org/wiki/Lewis_Hamilton,Lewis,Hamilton,1985-01-07,British,"[{""constructorId"": ""mercedes"", ""url"": ""https://en.wikipedia.org/wiki/Mercedes-Benz_in_Formula_One"", ""name"": ""Mercedes"", ""nationality"": ""German""}]"
2023,22,4,4,206,0,alonso,14,ALO,http://en.wikipedia.org/wiki/Fernando_Alonso,Fernando,Alonso,1981-07-29,Spanish,"[{""constructorId"": ""aston_martin"", ""url"": ""https://en.wikipedia.org/wiki/Aston_Martin_in_Formula_One"", ""name"": ""Aston Martin"", ""nationality"": ""British""}]"
2023,22,5,5,206,0,leclerc,16,LEC,http://en.wikipedia.org/wiki/Charles_Leclerc,Charles,Leclerc,1997-10-16,Monegasque,"[{""constructorId"": ""ferrari"", ""url"": ""https://en.wikipedia.org/wiki/Scuderia_Ferrari"", ""name"": ""Ferrari"", ""nationality"": ""Italian""}]"
2023,22,6,6,205,0,norris,4,NOR,http://en.wikipedia.org/wiki/Lando_Norris,Lando,Norris,1999-11-13,British,"[{""constructorId"": ""mclaren"", ""url"": ""https://en.wikipedia.org/wiki/McLaren"", ""name"": ""McLaren"", ""nationality"": ""British""}]"
2023,22,7,7,200,1,sainz,55,SAI,http://en.wikipedia.org/wiki/Carlos_Sainz_Jr.,Carlos,Sainz,1994-09-01,Spanish,"[{""constructorId"": ""ferrari"", ""url"": ""https://en.wikipedia.org/wiki/Scuderia_Ferrari"", ""name"": ""Ferrari"", ""nationality"": ""Italian""}]"
2023,22,8,8,175,0,russell,63,RUS,http://en.wikipedia.org/wiki/George_Russell_(racing_driver),George,Russell,1998-02-15,British,"[{""constructorId"": ""mercedes"", ""url"": ""https://en.wikipedia.org/wiki/Mercedes-Benz_in_Formula_One"", ""name"": ""Mercedes"", ""nationality"": ""German""}]"
2023,22,9,9,97,0,piastri,81,PIA,http://en.wikipedia.org/wiki/Oscar_Piastri,Oscar,Piastri,2001-04-06,Australian,"[{""constructorId"": ""mclaren"", ""url"": ""https://en.wikipedia.org/wiki/McLaren"", ""name"": ""McLaren"", ""nationality"": ""British""}]"
2023,22,10,10,74,0,stroll,18,STR,http://en.wikipedia.org/wiki/Lance_Stroll,Lance,Stroll,1998-10-29,Canadian,"[{""constructorId"": ""aston_martin"", ""url"": ""https://en.wikipedia.org/wiki/Aston_Martin_in_Formula_One"", ""name"": ""Aston Martin"", ""nationality"": ""British""}]"
2023,22,11,11,62,0,gasly,10,GAS,http://en.wikipedia.org/wiki/Pierre_Gasly,Pierre,Gasly,1996-02-07,French,"[{""constructorId"": ""alpine"", ""url"": ""https://en.wikipedia.org/wiki/Alpine_F1_Team"", ""name"": ""Alpine F1 Team"", ""nationality"": ""French""}]"
2023,22,12,12,58,0,ocon,31,OCO,http://en.wikipedia.org/wiki/Esteban_Ocon,Esteban,Ocon,1996-09-17,French,"[{""constructorId"": ""alpine"", ""url"": ""https://en.wikipedia.org/wiki/Alpine_F1_Team"", ""name"": ""Alpine F1 Team"", ""nationality"": ""French""}]"
2023,22,13,13,27,0,albon,23,ALB,http://en.wikipedia.org/wiki/Alexander_Albon,Alexander,Albon,1996-03-23,Thai,"[{""constructorId"": ""williams"", ""url"": ""https://en.wikipedia.org/wiki/Williams_Racing"", ""name"": ""Williams"", ""nationality"": ""British""}]"
2023,22,14,14,17,0,tsunoda,22,TSU,http://en.wikipedia.org/wiki/Yuki_Tsunoda,Yuki,Tsunoda,2000-05-11,Japanese,"[{""constructorId"": ""alphatauri"", ""url"": ""https://en.wikipedia.org/wiki/Scuderia_AlphaTauri"", ""name"": ""AlphaTauri"", ""nationality"": ""Italian""}]"
2023,22,15,15,10,0,bottas,77,BOT,http://en.wikipedia.org/wiki/Valtteri_Bottas,Valtteri,Bottas,1989-08-28,Finnish,"[{""constructorId"": ""alfa"", ""url"": ""https://en.wikipedia.org/wiki/Alfa_Romeo_in_Formula_One"", ""name"": ""Alfa Romeo"", ""nationality"": ""Swiss""}]"
2023,22,16,16,9,0,hulkenberg,27,HUL,http://en.wikipedia.org/wiki/Nico_H%C3%BClkenberg,Nico,Hülkenberg,1987-08-19,German,"[{""constructorId"": ""haas"", ""url"": ""https://en.wikipedia.org/wiki/Haas_F1_Team"", ""name"": ""Haas F1 Team"", ""nationality"": ""American""}]"
2023,22,17,17,6,0,ricciardo,3,RIC,http://en.wikipedia.org/wiki/Daniel_Ricciardo,Daniel,Ricciardo,1989-07-01,Australian,"[{""constructorId"": ""alphatauri"", ""url"": ""https://en.wikipedia.org/wiki/Scuderia_AlphaTauri"", ""name"": ""AlphaTauri"", ""nationality"": ""Italian""}]"
2023,22,18,18,6,0,zhou,24,ZHO,http://en.wikipedia.org/wiki/Zhou_Guanyu,Guanyu,Zhou,1999-05-30,Chinese,"[{""constructorId"": ""alfa"", ""url"": ""https://en.wikipedia.org/wiki/Alfa_Romeo_in_Formula_One"", ""name"": ""Alfa Romeo"", ""nationality"": ""Swiss""}]"
2023,22,19,19,3,0,kevin_magnussen,20,MAG,http://en.wikipedia.org/wiki/Kevin_Magnussen,Kevin,Magnussen,1992-10-05,Danish,"[{""constructorId"": ""haas"", ""url"": ""https://en.wikipedia.org/wiki/Haas_F1_Team"", ""name"": ""Haas F1 Team"", ""nationality"": ""American""}]"
2023,22,20,20,2,0,lawson,30,LAW,http://en.wikipedia.org/wiki/Liam_Lawson,Liam,Lawson,2002-02-11,New Zealander,"[{""constructorId"": ""alphatauri"", ""url"": ""https://en.wikipedia.org/wiki/Scuderia_AlphaTauri"", ""name"": ""AlphaTauri"", ""nationality"": ""Italian""}]"
2023,22,21,21,1,0,sargeant,2,SAR,http://en.wikipedia.org/wiki/Logan_Sargeant,Logan,Sargeant,2000-12-31,American,"[{""constructorId"": ""williams"", ""url"": ""https://en.wikipedia.org/wiki/Williams_Racing"", ""name"": ""Williams"", ""nationality"": ""British""}]"
2023,22,22,22,0,0,de_vries,21,DEV,http://en.wikipedia.org/wiki/Nyck_de_Vries,Nyck,de Vries,1995-02-06,Dutch,"[{""constructorId"": ""alphatauri"", ""url"": ""https://en.wikipedia.org/wiki/Scuderia_AlphaTauri"", ""name"": ""AlphaTauri"", ""nationality"": ""Italian""}]"
2024,24,1,1,437,9,max_verstappen,3,VER,http://en.wikipedia.org/wiki/Max_Verstappen,Max,Verstappen,1997-09-30,Dutch,"[{""constructorId"": ""red_bull"", ""url"": ""https://en.wikipedia.org/wiki/Red_Bull_Racing"", ""name"": ""Red Bull"", ""nationality"": ""Austrian""}]"
2024,24,2,2,374,4,norris,4,NOR,http://en.wikipedia.org/wiki/Lando_Norris,Lando,Norris,1999-11-13,British,"[{""constructorId"": ""mclaren"", ""url"": ""https://en.wikipedia.org/wiki/McLaren"", ""name"": ""McLaren"", ""nationality"": ""British""}]"
2024,24,3,3,356,3,leclerc,16,LEC,http://en.wikipedia.org/wiki/Charles_Leclerc,Charles,Leclerc,1997-10-16,Monegasque,"[{""constructorId"": ""ferrari"", ""url"": ""https://en.wikipedia.org/wiki/Scuderia_Ferrari"", ""name"": ""Ferrari"", ""nationality"": ""Italian""}]"
2024,24,4,4,292,2,piastri,81,PIA,http://en.wikipedia.org/wiki/Oscar_Piastri,Oscar,Piastri,2001-04-06,Australian,"[{""constructorId"": ""mclaren"", ""url"": ""https://en.wikipedia.org/wiki/McLaren"", ""name"": ""McLaren"", ""nationality"": ""British""}]"
2024,24,5,5,290,2,sainz,55,SAI,http://en.wikipedia.org/wiki/Carlos_Sainz_Jr.,Carlos,Sainz,1994-09-01,Spanish,"[{""constructorId"": ""ferrari"", ""url"": ""https://en.wikipedia.org/wiki/Scuderia_Ferrari"", ""name"": ""Ferrari"", ""nationality"": ""Italian""}]"
2024,24,6,6,245,2,russell,63,RUS,http://en.wikipedia.org/wiki/George_Russell_(racing_driver),George,Russell,1998-02-15,British,"[{""constructorId"": ""mercedes"", ""url"": ""https://en.wikipedia.org/wiki/Mercedes-Benz_in_Formula_One"", ""name"": ""Mercedes"", ""nationality"": ""German""}]"
2024,24,7,7,223,2,hamilton,44,HAM,http://en.wikipedia.org/wiki/Lewis_Hamilton,Lewis,Hamilton,1985-01-07,British,"[{""constructorId"": ""mercedes"", ""url"": ""https://en.wikipedia.org/wiki/Mercedes-Benz_in_Formula_One"", ""name"": ""Mercedes"", ""nationality"": ""German""}]"
2024,24,8,8,152,0,perez,11,PER,http://en.wikipedia.org/wiki/Sergio_P%C3%A9rez,Sergio,Pérez,1990-01-26,Mexican,"[{""constructorId"": ""red_bull"", ""url"": ""https://en.wikipedia.org/wiki/Red_Bull_Racing"", ""name"": ""Red Bull"", ""nationality"": ""Austrian""}]"
2024,24,9,9,70,0,alonso,14,ALO,http://en.wikipedia.org/wiki/Fernando_Alonso,Fernando,Alonso,1981-07-29,Spanish,"[{""constructorId"": ""aston_martin"", ""url"": ""https://en.wikipedia.org/wiki/Aston_Martin_in_Formula_One"", ""name"": ""Aston Martin"", ""nationality"": ""British""}]"
2024,24,10,10,42,0,gasly,10,GAS,http://en.wikipedia.org/wiki/Pierre_Gasly,Pierre,Gasly,1996-02-07,French,"[{""constructorId"": ""alpine"", ""url"": ""https://en.wikipedia.org/wiki/Alpine_F1_Team"", ""name"": ""Alpine F1 Team"", ""nationality"": ""French""}]"
2024,24,11,11,41,0,hulkenberg,27,HUL,http://en.wikipedia.org/wiki/Nico_H%C3%BClkenberg,Nico,Hülkenberg,1987-08-19,German,"[{""constructorId"": ""haas"", ""url"": ""https://en.wikipedia.org/wiki/Haas_F1_Team"", ""name"": ""Haas F1 Team"", ""nationality"": ""American""}]"
2024,24,12,12,30,0,tsunoda,22,TSU,http://en.wikipedia.org/wiki/Yuki_Tsunoda,Yuki,Tsunoda,2000-05-11,Japanese,"[{""constructorId"": ""rb"", ""url"": ""https://en.wikipedia.org/wiki/Racing_Bulls"", ""name"": ""RB F1 Team"", ""nationality"": ""Italian""}]"
2024,24,13,13,24,0,stroll,18,STR,http://en.wikipedia.org/wiki/Lance_Stroll,Lance,Stroll,1998-10-29,Canadian,"[{""constructorId"": ""aston_martin"", ""url"": ""https://en.wikipedia.org/wiki/Aston_Martin_in_Formula_One"", ""name"": ""Aston Martin"", ""nationality"": ""British""}]"
2024,24,14,14,23,0,ocon,31,OCO,http://en.wikipedia.org/wiki/Esteban_Ocon,Esteban,Ocon,1996-09-17,French,"[{""constructorId"": ""alpine"", ""url"": ""https://en.wikipedia.org/wiki/Alpine_F1_Team"", ""name"": ""Alpine F1 Team"", ""nationality"": ""French""}]"
2024,24,15,15,16,0,kevin_magnussen,20,MAG,http://en.wikipedia.org/wiki/Kevin_Magnussen,Kevin,Magnussen,1992-10-05,Danish,"[{""constructorId"": ""haas"", ""url"": ""https://en.wikipedia.org/wiki/Haas_F1_Team"", ""name"": ""Haas F1 Team"", ""nationality"": ""American""}]"
2024,24,16,16,12,0,albon,23,ALB,http://en.wikipedia.org/wiki/Alexander_Albon,Alexander,Albon,1996-03-23,Thai,"[{""constructorId"": ""williams"", ""url"": ""https://en.wikipedia.org/wiki/Williams_Racing"", ""name"": ""Williams"", ""nationality"": ""British""}]"
2024,24,17,17,12,0,ricciardo,3,RIC,http://en.wikipedia.org/wiki/Daniel_Ricciardo,Daniel,Ricciardo,1989-07-01,Australian,"[{""constructorId"": ""rb"", ""url"": ""https://en.wikipedia.org/wiki/Racing_Bulls"", ""name"": ""RB F1 Team"", ""nationality"": ""Italian""}]"
2024,24,18,18,7,0,bearman,87,BEA,http://en.wikipedia.org/wiki/Oliver_Bearman,Oliver,Bearman,2005-05-08,British,"[{""constructorId"": ""ferrari"", ""url"": ""https://en.wikipedia.org/wiki/Scuderia_Ferrari"", ""name"": ""Ferrari"", ""nationality"": ""Italian""}, {""constructorId"": ""haas"", ""url"": ""https://en.wikipedia.org/wiki/Haas_F1_Team"", ""name"": ""Haas F1 Team"", ""nationality"": ""American""}]"
2024,24,19,19,5,0,colapinto,43,COL,http://en.wikipedia.org/wiki/Franco_Colapinto,Franco,Colapinto,2003-05-27,Argentine,"[{""constructorId"": ""williams"", ""url"": ""https://en.wikipedia.org/wiki/Williams_Racing"", ""name"": ""Williams"", ""nationality"": ""British""}]"
2024,24,20,20,4,0,zhou,24,ZHO,http://en.wikipedia.org/wiki/Zhou_Guanyu,Guanyu,Zhou,1999-05-30,Chinese,"[{""constructorId"": ""sauber"", ""url"": ""https://en.wikipedia.org/wiki/Sauber_Motorsport"", ""name"": ""Sauber"", ""nationality"": ""Swiss""}]"
2024,24,21,21,4,0,lawson,30,LAW,http://en.wikipedia.org/wiki/Liam_Lawson,Liam,Lawson,2002-02-11,New Zealander,"[{""constructorId"": ""rb"", ""url"": ""https://en.wikipedia.org/wiki/Racing_Bulls"", ""name"": ""RB F1 Team"", ""nationality"": ""Italian""}]"
2024,24,22,22,0,0,bottas,77,BOT,http://en.wikipedia.org/wiki/Valtteri_Bottas,Valtteri,Bottas,1989-08-28,Finnish,"[{""constructorId"": ""sauber"", ""url"": ""https://en.wikipedia.org/wiki/Sauber_Motorsport"", ""name"": ""Sauber"", ""nationality"": ""Swiss""}]"
2024,24,23,23,0,0,sargeant,2,SAR,http://en.wikipedia.org/wiki/Logan_Sargeant,Logan,Sargeant,2000-12-31,American,"[{""constructorId"": ""williams"", ""url"": ""https://en.wikipedia.org/wiki/Williams_Racing"", ""name"": ""Williams"", ""nationality"": ""British""}]"
2024,24,24,24,0,0,doohan,7,DOO,http://en.wikipedia.org/wiki/Jack_Doohan,Jack,Doohan,2003-01-20,Australian,"[{""constructorId"": ""alpine"", ""url"": ""https://en.wikipedia.org/wiki/Alpine_F1_Team"", ""name"": ""Alpine F1 Team"", ""nationality"": ""French""}]"
2025,24,1,1,423,7,norris,4,NOR,http://en.wikipedia.org/wiki/Lando_Norris,Lando,Norris,1999-11-13,British,"[{""constructorId"": ""mclaren"", ""url"": ""https://en.wikipedia.org/wiki/McLaren"", ""name"": ""McLaren"", ""nationality"": ""British""}]"
2025,24,2,2,421,8,max_verstappen,3,VER,http://en.wikipedia.org/wiki/Max_Verstappen,Max,Verstappen,1997-09-30,Dutch,"[{""constructorId"": ""red_bull"", ""url"": ""https://en.wikipedia.org/wiki/Red_Bull_Racing"", ""name"": ""Red Bull"", ""nationality"": ""Austrian""}]"
2025,24,3,3,410,7,piastri,81,PIA,http://en.wikipedia.org/wiki/Oscar_Piastri,Oscar,Piastri,2001-04-06,Australian,"[{""constructorId"": ""mclaren"", ""url"": ""https://en.wikipedia.org/wiki/McLaren"", ""name"": ""McLaren"", ""nationality"": ""British""}]"
2025,24,4,4,319,2,russell,63,RUS,http://en.wikipedia.org/wiki/George_Russell_(racing_driver),George,Russell,1998-02-15,British,"[{""constructorId"": ""mercedes"", ""url"": ""https://en.wikipedia.org/wiki/Mercedes-Benz_in_Formula_One"", ""name"": ""Mercedes"", ""nationality"": ""German""}]"
2025,24,5,5,242,0,leclerc,16,LEC,http://en.wikipedia.org/wiki/Charles_Leclerc,Charles,Leclerc,1997-10-16,Monegasque,"[{""constructorId"": ""ferrari"", ""url"": ""https://en.wikipedia.org/wiki/Scuderia_Ferrari"", ""name"": ""Ferrari"", ""nationality"": ""Italian""}]"
2025,24,6,6,156,0,hamilton,44,HAM,http://en.wikipedia.org/wiki/Lewis_Hamilton,Lewis,Hamilton,1985-01-07,British,"[{""constructorId"": ""ferrari"", ""url"": ""https://en.wikipedia.org/wiki/Scuderia_Ferrari"", ""name"": ""Ferrari"", ""nationality"": ""Italian""}]"
2025,24,7,7,150,0,antonelli,12,ANT,https://en.wikipedia.org/wiki/Andrea_Kimi_Antonelli,Andrea Kimi,Antonelli,2006-08-25,Italian,"[{""constructorId"": ""mercedes"", ""url"": ""https://en.wikipedia.org/wiki/Mercedes-Benz_in_Formula_One"", ""name"": ""Mercedes"", ""nationality"": ""German""}]"
2025,24,8,8,73,0,albon,23,ALB,http://en.wikipedia.org/wiki/Alexander_Albon,Alexander,Albon,1996-03-23,Thai,"[{""constructorId"": ""williams"", ""url"": ""https://en.wikipedia.org/wiki/Williams_Racing"", ""name"": ""Williams"", ""nationality"": ""British""}]"
2025,24,9,9,64,0,sainz,55,SAI,http://en.wikipedia.org/wiki/Carlos_Sainz_Jr.,Carlos,Sainz,1994-09-01,Spanish,"[{""constructorId"": ""williams"", ""url"": ""https://en.wikipedia.org/wiki/Williams_Racing"", ""name"": ""Williams"", ""nationality"": ""British""}]"
2025,24,10,10,56,0,alonso,14,ALO,http://en.wikipedia.org/wiki/Fernando_Alonso,Fernando,Alonso,1981-07-29,Spanish,"[{""constructorId"": ""aston_martin"", ""url"": ""https://en.wikipedia.org/wiki/Aston_Martin_in_Formula_One"", ""name"": ""Aston Martin"", ""nationality"": ""British""}]"
2025,24,11,11,51,0,hulkenberg,27,HUL,http://en.wikipedia.org/wiki/Nico_H%C3%BClkenberg,Nico,Hülkenberg,1987-08-19,German,"[{""constructorId"": ""sauber"", ""url"": ""https://en.wikipedia.org/wiki/Sauber_Motorsport"", ""name"": ""Sauber"", ""nationality"": ""Swiss""}]"
2025,24,12,12,51,0,hadjar,6,HAD,https://en.wikipedia.org/wiki/Isack_Hadjar,Isack,Hadjar,2004-09-28,French,"[{""constructorId"": ""rb"", ""url"": ""https://en.wikipedia.org/wiki/Racing_Bulls"", ""name"": ""RB F1 Team"", ""nationality"": ""Italian""}]"
2025,24,13,13,41,0,bearman,87,BEA,http://en.wikipedia.org/wiki/Oliver_Bearman,Oliver,Bearman,2005-05-08,British,"[{""constructorId"": ""haas"", ""url"": ""https://en.wikipedia.org/wiki/Haas_F1_Team"", ""name"": ""Haas F1 Team"", ""nationality"": ""American""}]"
2025,24,14,14,38,0,lawson,30,LAW,http://en.wikipedia.org/wiki/Liam_Lawson,Liam,Lawson,2002-02-11,New Zealander,"[{""constructorId"": ""red_bull"", ""url"": ""https://en.wikipedia.org/wiki/Red_Bull_Racing"", ""name"": ""Red Bull"", ""nationality"": ""Austrian""}, {""constructorId"": ""rb"", ""url"": ""https://en.wikipedia.org/wiki/Racing_Bulls"", ""name"": ""RB F1 Team"", ""nationality"": ""Italian""}]"
2025,24,15,15,38,0,ocon,31,OCO,http://en.wikipedia.org/wiki/Esteban_Ocon,Esteban,Ocon,1996-09-17,French,"[{""constructorId"": ""haas"", ""url"": ""https://en.wikipedia.org/wiki/Haas_F1_Team"", ""name"": ""Haas F1 Team"", ""nationality"": ""American""}]"
2025,24,16,16,33,0,stroll,18,STR,http://en.wikipedia.org/wiki/Lance_Stroll,Lance,Stroll,1998-10-29,Canadian,"[{""constructorId"": ""aston_martin"", ""url"": ""https://en.wikipedia.org/wiki/Aston_Martin_in_Formula_One"", ""name"": ""Aston Martin"", ""nationality"": ""British""}]"
2025,24,17,17,33,0,tsunoda,22,TSU,http://en.wikipedia.org/wiki/Yuki_Tsunoda,Yuki,Tsunoda,2000-05-11,Japanese,"[{""constructorId"": ""rb"", ""url"": ""https://en.wikipedia.org/wiki/Racing_Bulls"", ""name"": ""RB F1 Team"", ""nationality"": ""Italian""}, {""constructorId"": ""red_bull"", ""url"": ""https://en.wikipedia.org/wiki/Red_Bull_Racing"", ""name"": ""Red Bull"", ""nationality"": ""Austrian""}]"
2025,24,18,18,22,0,gasly,10,GAS,http://en.wikipedia.org/wiki/Pierre_Gasly,Pierre,Gasly,1996-02-07,French,"[{""constructorId"": ""alpine"", ""url"": ""https://en.wikipedia.org/wiki/Alpine_F1_Team"", ""name"": ""Alpine F1 Team"", ""nationality"": ""French""}]"
2025,24,19,19,19,0,bortoleto,5,BOR,https://en.wikipedia.org/wiki/Gabriel_Bortoleto,Gabriel,Bortoleto,2004-10-14,Brazilian,"[{""constructorId"": ""sauber"", ""url"": ""https://en.wikipedia.org/wiki/Sauber_Motorsport"", ""name"": ""Sauber"", ""nationality"": ""Swiss""}]"
2025,24,20,20,0,0,colapinto,43,COL,http://en.wikipedia.org/wiki/Franco_Colapinto,Franco,Colapinto,2003-05-27,Argentine,"[{""constructorId"": ""alpine"", ""url"": ""https://en.wikipedia.org/wiki/Alpine_F1_Team"", ""name"": ""Alpine F1 Team"", ""nationality"": ""French""}]"
2025,24,21,21,0,0,doohan,7,DOO,http://en.wikipedia.org/wiki/Jack_Doohan,Jack,Doohan,2003-01-20,Australian,"[{""constructorId"": ""alpine"", ""url"": ""https://en.wikipedia.org/wiki/Alpine_F1_Team"", ""name"": ""Alpine F1 Team"", ""nationality"": ""French""}]"
