season,round,url,raceName,Circuit_circuitId,Circuit_url,Circuit_circuitName,Circuit_Location_lat,Circuit_Location_long,Circuit_Location_locality,Circuit_Location_country,date,time,FirstPractice_date,SecondPractice_date,ThirdPractice_date,Qualifying_date,Sprint_date,FirstPractice_time,SecondPractice_time,ThirdPractice_time,Qualifying_time,Sprint_time,SprintShootout_date,SprintShootout_time,SprintQualifying_date,SprintQualifying_time
2014,1,https://en.wikipedia.org/wiki/2014_Australian_Grand_Prix,Australian Grand Prix,albert_park,https://en.wikipedia.org/wiki/Albert_Park_Circuit,Albert Park Grand Prix Circuit,-37.8497,144.968,Melbourne,Australia,2014-03-16,06:00:00Z,2014-03-14,2014-03-14,2014-03-15,2014-03-15,,,,,,,,,,
2014,2,https://en.wikipedia.org/wiki/2014_Malaysian_Grand_Prix,Malaysian Grand Prix,sepang,https://en.wikipedia.org/wiki/Sepang_International_Circuit,Sepang International Circuit,2.76083,101.738,Kuala Lumpur,Malaysia,2014-03-30,08:00:00Z,2014-03-28,2014-03-28,2014-03-29,2014-03-29,,,,,,,,,,
2014,3,https://en.wikipedia.org/wiki/2014_Bahrain_Grand_Prix,Bahrain Grand Prix,bahrain,https://en.wikipedia.org/wiki/Bahrain_International_Circuit,Bahrain International Circuit,26.0325,50.5106,Sakhir,Bahrain,2014-04-06,15:00:00Z,2014-04-04,2014-04-04,2014-04-05,2014-04-05,,,,,,,,,,
2014,4,https://en.wikipedia.org/wiki/2014_Chinese_Grand_Prix,Chinese Grand Prix,shanghai,https://en.wikipedia.org/wiki/Shanghai_International_Circuit,Shanghai International Circuit,31.3389,121.22,Shanghai,China,2014-04-20,07:00:00Z,2014-04-18,2014-04-18,2014-04-19,2014-04-19,,,,,,,,,,
2014,5,https://en.wikipedia.org/wiki/2014_Spanish_Grand_Prix,Spanish Grand Prix,catalunya,https://en.wikipedia.org/wiki/Circuit_de_Barcelona-Catalunya,Circuit de Barcelona-Catalunya,41.57,2.26111,Barcelona,Spain,2014-05-11,12:00:00Z,2014-05-09,2014-05-09,2014-05-10,2014-05-10,,,,,,,,,,
2014,6,https://en.wikipedia.org/wiki/2014_Monaco_Grand_Prix,Monaco Grand Prix,monaco,https://en.wikipedia.org/wiki/Circuit_de_Monaco,Circuit de Monaco,43.7347,7.42056,Monte Carlo,Monaco,2014-05-25,12:00:00Z,2014-05-22,2014-05-22,2014-05-24,2014-05-24,,,,,,,,,,
2014,7,https://en.wikipedia.org/wiki/2014_Canadian_Grand_Prix,Canadian Grand Prix,villeneuve,https://en.wikipedia.org/wiki/Circuit_Gilles_Villeneuve,Circuit Gilles Villeneuve,45.5,-73.5228,Montreal,Canada,2014-06-08,18:00:00Z,2014-06-06,2014-06-06,2014-06-07,2014-06-07,,,,,,,,,,
2014,8,https://en.wikipedia.org/wiki/2014_Austrian_Grand_Prix,Austrian Grand Prix,red_bull_ring,https://en.wikipedia.org/wiki/Red_Bull_Ring,Red Bull Ring,47.2197,14.7647,Spielberg,Austria,2014-06-22,12:00:00Z,2014-06-20,2014-06-20,2014-06-21,2014-06-21,,,,,,,,,,
2014,9,https://en.wikipedia.org/wiki/2014_British_Grand_Prix,British Grand Prix,silverstone,https://en.wikipedia.org/wiki/Silverstone_Circuit,Silverstone Circuit,52.0786,-1.01694,Silverstone,UK,2014-07-06,12:00:00Z,2014-07-04,2014-07-04,2014-07-05,2014-07-05,,,,,,,,,,
2014,10,https://en.wikipedia.org/wiki/2014_German_Grand_Prix,German Grand Prix,hockenheimring,https://en.wikipedia.org/wiki/Hockenheimring,Hockenheimring,49.3278,8.56583,Hockenheim,Germany,2014-07-20,12:00:00Z,2014-07-18,2014-07-18,2014-07-19,2014-07-19,,,,,,,,,,
2014,11,https://en.wikipedia.org/wiki/2014_Hungarian_Grand_Prix,Hungarian Grand Prix,hungaroring,https://en.wikipedia.org/wiki/Hungaroring,Hungaroring,47.5789,19.2486,Budapest,Hungary,2014-07-27,12:00:00Z,2014-07-25,2014-07-25,2014-07-26,2014-07-26,,,,,,,,,,
2014,12,https://en.wikipedia.org/wiki/2014_Belgian_Grand_Prix,Belgian Grand Prix,spa,https://en.wikipedia.org/wiki/Circuit_de_Spa-Francorchamps,Circuit de Spa-Francorchamps,50.4372,5.97139,Spa,Belgium,2014-08-24,12:00:00Z,2014-08-22,2014-08-22,2014-08-23,2014-08-23,,,,,,,,,,
2014,13,https://en.wikipedia.org/wiki/2014_Italian_Grand_Prix,Italian Grand Prix,monza,https://en.wikipedia.org/wiki/Monza_Circuit,Autodromo Nazionale di Monza,45.6156,9.28111,Monza,Italy,2014-09-07,12:00:00Z,2014-09-05,2014-09-05,2014-09-06,2014-09-06,,,,,,,,,,
2014,14,https://en.wikipedia.org/wiki/2014_Singapore_Grand_Prix,Singapore Grand Prix,marina_bay,https://en.wikipedia.org/wiki/Marina_Bay_Street_Circuit,Marina Bay Street Circuit,1.2914,103.864,Marina Bay,Singapore,2014-09-21,12:00:00Z,2014-09-19,2014-09-19,2014-09-20,2014-09-20,,,,,,,,,,
2014,15,https://en.wikipedia.org/wiki/2014_Japanese_Grand_Prix,Japanese Grand Prix,suzuka,https://en.wikipedia.org/wiki/Suzuka_International_Racing_Course,Suzuka Circuit,34.8431,136.541,Suzuka,Japan,2014-10-05,06:00:00Z,2014-10-03,2014-10-03,2014-10-04,2014-10-04,,,,,,,,,,
2014,16,https://en.wikipedia.org/wiki/2014_Russian_Grand_Prix,Russian Grand Prix,sochi,https://en.wikipedia.org/wiki/Sochi_Autodrom,Sochi Autodrom,43.4057,39.9578,Sochi,Russia,2014-10-12,11:00:00Z,2014-10-10,2014-10-10,2014-10-11,2014-10-11,,,,,,,,,,
2014,17,https://en.wikipedia.org/wiki/2014_United_States_Grand_Prix,United States Grand Prix,americas,https://en.wikipedia.org/wiki/Circuit_of_the_Americas,Circuit of the Americas,30.1328,-97.6411,Austin,USA,2014-11-02,20:00:00Z,2014-10-31,2014-10-31,2014-11-01,2014-11-01,,,,,,,,,,
2014,18,https://en.wikipedia.org/wiki/2014_Brazilian_Grand_Prix,Brazilian Grand Prix,interlagos,https://en.wikipedia.org/wiki/Interlagos_Circuit,Autódromo José Carlos Pace,-23.7036,-46.6997,São Paulo,Brazil,2014-11-09,16:00:00Z,2014-11-07,2014-11-07,2014-11-08,2014-11-08,,,,,,,,,,
2014,19,https://en.wikipedia.org/wiki/2014_Abu_Dhabi_Grand_Prix,Abu Dhabi Grand Prix,yas_marina,https://en.wikipedia.org/wiki/Yas_Marina_Circuit,Yas Marina Circuit,24.4672,54.6031,Abu Dhabi,UAE,2014-11-23,13:00:00Z,2014-11-21,2014-11-21,2014-11-22,2014-11-22,,,,,,,,,,
2015,1,https://en.wikipedia.org/wiki/2015_Australian_Grand_Prix,Australian Grand Prix,albert_park,https://en.wikipedia.org/wiki/Albert_Park_Circuit,Albert Park Grand Prix Circuit,-37.8497,144.968,Melbourne,Australia,2015-03-15,05:00:00Z,2015-03-13,2015-03-13,2015-03-14,2015-03-14,,,,,,,,,,
2015,2,https://en.wikipedia.org/wiki/2015_Malaysian_Grand_Prix,Malaysian Grand Prix,sepang,https://en.wikipedia.org/wiki/Sepang_International_Circuit,Sepang International Circuit,2.76083,101.738,Kuala Lumpur,Malaysia,2015-03-29,07:00:00Z,2015-03-27,2015-03-27,2015-03-28,2015-03-28,,,,,,,,,,
2015,3,https://en.wikipedia.org/wiki/2015_Chinese_Grand_Prix,Chinese Grand Prix,shanghai,https://en.wikipedia.org/wiki/Shanghai_International_Circuit,Shanghai International Circuit,31.3389,121.22,Shanghai,China,2015-04-12,06:00:00Z,2015-04-10,2015-04-10,2015-04-11,2015-04-11,,,,,,,,,,
2015,4,https://en.wikipedia.org/wiki/2015_Bahrain_Grand_Prix,Bahrain Grand Prix,bahrain,https://en.wikipedia.org/wiki/Bahrain_International_Circuit,Bahrain International Circuit,26.0325,50.5106,Sakhir,Bahrain,2015-04-19,15:00:00Z,2015-04-17,2015-04-17,2015-04-18,2015-04-18,,,,,,,,,,
2015,5,https://en.wikipedia.org/wiki/2015_Spanish_Grand_Prix,Spanish Grand Prix,catalunya,https://en.wikipedia.org/wiki/Circuit_de_Barcelona-Catalunya,Circuit de Barcelona-Catalunya,41.57,2.26111,Barcelona,Spain,2015-05-10,12:00:00Z,2015-05-08,2015-05-08,2015-05-09,2015-05-09,,,,,,,,,,
2015,6,https://en.wikipedia.org/wiki/2015_Monaco_Grand_Prix,Monaco Grand Prix,monaco,https://en.wikipedia.org/wiki/Circuit_de_Monaco,Circuit de Monaco,43.7347,7.42056,Monte Carlo,Monaco,2015-05-24,12:00:00Z,2015-05-21,2015-05-21,2015-05-23,2015-05-23,,,,,,,,,,
2015,7,https://en.wikipedia.org/wiki/2015_Canadian_Grand_Prix,Canadian Grand Prix,villeneuve,https://en.wikipedia.org/wiki/Circuit_Gilles_Villeneuve,Circuit Gilles Villeneuve,45.5,-73.5228,Montreal,Canada,2015-06-07,18:00:00Z,2015-06-05,2015-06-05,2015-06-06,2015-06-06,,,,,,,,,,
2015,8,https://en.wikipedia.org/wiki/2015_Austrian_Grand_Prix,Austrian Grand Prix,red_bull_ring,https://en.wikipedia.org/wiki/Red_Bull_Ring,Red Bull Ring,47.2197,14.7647,Spielberg,Austria,2015-06-21,12:00:00Z,2015-06-19,2015-06-19,2015-06-20,2015-06-20,,,,,,,,,,
2015,9,https://en.wikipedia.org/wiki/2015_British_Grand_Prix,British Grand Prix,silverstone,https://en.wikipedia.org/wiki/Silverstone_Circuit,Silverstone Circuit,52.0786,-1.01694,Silverstone,UK,2015-07-05,12:00:00Z,2015-07-03,2015-07-03,2015-07-04,2015-07-04,,,,,,,,,,
2015,10,https://en.wikipedia.org/wiki/2015_Hungarian_Grand_Prix,Hungarian Grand Prix,hungaroring,https://en.wikipedia.org/wiki/Hungaroring,Hungaroring,47.5789,19.2486,Budapest,Hungary,2015-07-26,12:00:00Z,2015-07-24,2015-07-24,2015-07-25,2015-07-25,,,,,,,,,,
2015,11,https://en.wikipedia.org/wiki/2015_Belgian_Grand_Prix,Belgian Grand Prix,spa,https://en.wikipedia.org/wiki/Circuit_de_Spa-Francorchamps,Circuit de Spa-Francorchamps,50.4372,5.97139,Spa,Belgium,2015-08-23,12:00:00Z,2015-08-21,2015-08-21,2015-08-22,2015-08-22,,,,,,,,,,
2015,12,https://en.wikipedia.org/wiki/2015_Italian_Grand_Prix,Italian Grand Prix,monza,https://en.wikipedia.org/wiki/Monza_Circuit,Autodromo Nazionale di Monza,45.6156,9.28111,Monza,Italy,2015-09-06,12:00:00Z,2015-09-04,2015-09-04,2015-09-05,2015-09-05,,,,,,,,,,
2015,13,https://en.wikipedia.org/wiki/2015_Singapore_Grand_Prix,Singapore Grand Prix,marina_bay,https://en.wikipedia.org/wiki/Marina_Bay_Street_Circuit,Marina Bay Street Circuit,1.2914,103.864,Marina Bay,Singapore,2015-09-20,12:00:00Z,2015-09-18,2015-09-18,2015-09-19,2015-09-19,,,,,,,,,,
2015,14,https://en.wikipedia.org/wiki/2015_Japanese_Grand_Prix,Japanese Grand Prix,suzuka,https://en.wikipedia.org/wiki/Suzuka_International_Racing_Course,Suzuka Circuit,34.8431,136.541,Suzuka,Japan,2015-09-27,05:00:00Z,2015-09-25,2015-09-25,2015-09-26,2015-09-26,,,,,,,,,,
2015,15,https://en.wikipedia.org/wiki/2015_Russian_Grand_Prix,Russian Grand Prix,sochi,https://en.wikipedia.org/wiki/Sochi_Autodrom,Sochi Autodrom,43.4057,39.9578,Sochi,Russia,2015-10-11,11:00:00Z,2015-10-09,2015-10-09,2015-10-10,2015-10-10,,,,,,,,,,
2015,16,https://en.wikipedia.org/wiki/2015_United_States_Grand_Prix,United States Grand Prix,americas,https://en.wikipedia.org/wiki/Circuit_of_the_Americas,Circuit of the Americas,30.1328,-97.6411,Austin,USA,2015-10-25,19:00:00Z,2015-10-23,2015-10-23,2015-10-24,2015-10-24,,,,,,,,,,
2015,17,https://en.wikipedia.org/wiki/2015_Mexican_Grand_Prix,Mexican Grand Prix,rodriguez,https://en.wikipedia.org/wiki/Aut%C3%B3dromo_Hermanos_Rodr%C3%ADguez,Autódromo Hermanos Rodríguez,19.4042,-99.0907,Mexico City,Mexico,2015-11-01,19:00:00Z,2015-10-30,2015-10-30,2015-10-31,2015-10-31,,,,,,,,,,
2015,18,https://en.wikipedia.org/wiki/2015_Brazilian_Grand_Prix,Brazilian Grand Prix,interlagos,https://en.wikipedia.org/wiki/Interlagos_Circuit,Autódromo José Carlos Pace,-23.7036,-46.6997,São Paulo,Brazil,2015-11-15,16:00:00Z,2015-11-13,2015-11-13,2015-11-14,2015-11-14,,,,,,,,,,
2015,19,https://en.wikipedia.org/wiki/2015_Abu_Dhabi_Grand_Prix,Abu Dhabi Grand Prix,yas_marina,https://en.wikipedia.org/wiki/Yas_Marina_Circuit,Yas Marina Circuit,24.4672,54.6031,Abu Dhabi,UAE,2015-11-29,13:00:00Z,2015-11-27,2015-11-27,2015-11-28,2015-11-28,,,,,,,,,,
2016,1,https://en.wikipedia.org/wiki/2016_Australian_Grand_Prix,Australian Grand Prix,albert_park,https://en.wikipedia.org/wiki/Albert_Park_Circuit,Albert Park Grand Prix Circuit,-37.8497,144.968,Melbourne,Australia,2016-03-20,05:00:00Z,2016-03-18,2016-03-18,2016-03-19,2016-03-19,,,,,,,,,,
2016,2,https://en.wikipedia.org/wiki/2016_Bahrain_Grand_Prix,Bahrain Grand Prix,bahrain,https://en.wikipedia.org/wiki/Bahrain_International_Circuit,Bahrain International Circuit,26.0325,50.5106,Sakhir,Bahrain,2016-04-03,15:00:00Z,2016-04-01,2016-04-01,2016-04-02,2016-04-02,,,,,,,,,,
2016,3,https://en.wikipedia.org/wiki/2016_Chinese_Grand_Prix,Chinese Grand Prix,shanghai,https://en.wikipedia.org/wiki/Shanghai_International_Circuit,Shanghai International Circuit,31.3389,121.22,Shanghai,China,2016-04-17,06:00:00Z,2016-04-15,2016-04-15,2016-04-16,2016-04-16,,,,,,,,,,
2016,4,https://en.wikipedia.org/wiki/2016_Russian_Grand_Prix,Russian Grand Prix,sochi,https://en.wikipedia.org/wiki/Sochi_Autodrom,Sochi Autodrom,43.4057,39.9578,Sochi,Russia,2016-05-01,12:00:00Z,2016-04-29,2016-04-29,2016-04-30,2016-04-30,,,,,,,,,,
2016,5,https://en.wikipedia.org/wiki/2016_Spanish_Grand_Prix,Spanish Grand Prix,catalunya,https://en.wikipedia.org/wiki/Circuit_de_Barcelona-Catalunya,Circuit de Barcelona-Catalunya,41.57,2.26111,Barcelona,Spain,2016-05-15,12:00:00Z,2016-05-13,2016-05-13,2016-05-14,2016-05-14,,,,,,,,,,
2016,6,https://en.wikipedia.org/wiki/2016_Monaco_Grand_Prix,Monaco Grand Prix,monaco,https://en.wikipedia.org/wiki/Circuit_de_Monaco,Circuit de Monaco,43.7347,7.42056,Monte Carlo,Monaco,2016-05-29,12:00:00Z,2016-05-26,2016-05-26,2016-05-28,2016-05-28,,,,,,,,,,
2016,7,https://en.wikipedia.org/wiki/2016_Canadian_Grand_Prix,Canadian Grand Prix,villeneuve,https://en.wikipedia.org/wiki/Circuit_Gilles_Villeneuve,Circuit Gilles Villeneuve,45.5,-73.5228,Montreal,Canada,2016-06-12,18:00:00Z,2016-06-10,2016-06-10,2016-06-11,2016-06-11,,,,,,,,,,
2016,8,https://en.wikipedia.org/wiki/2016_European_Grand_Prix,European Grand Prix,baku,https://en.wikipedia.org/wiki/Baku_City_Circuit,Baku City Circuit,40.3725,49.8533,Baku,Azerbaijan,2016-06-19,13:00:00Z,2016-06-17,2016-06-17,2016-06-18,2016-06-18,,,,,,,,,,
2016,9,https://en.wikipedia.org/wiki/2016_Austrian_Grand_Prix,Austrian Grand Prix,red_bull_ring,https://en.wikipedia.org/wiki/Red_Bull_Ring,Red Bull Ring,47.2197,14.7647,Spielberg,Austria,2016-07-03,12:00:00Z,2016-07-01,2016-07-01,2016-07-02,2016-07-02,,,,,,,,,,
2016,10,https://en.wikipedia.org/wiki/2016_British_Grand_Prix,British Grand Prix,silverstone,https://en.wikipedia.org/wiki/Silverstone_Circuit,Silverstone Circuit,52.0786,-1.01694,Silverstone,UK,2016-07-10,12:00:00Z,2016-07-08,2016-07-08,2016-07-09,2016-07-09,,,,,,,,,,
2016,11,https://en.wikipedia.org/wiki/2016_Hungarian_Grand_Prix,Hungarian Grand Prix,hungaroring,https://en.wikipedia.org/wiki/Hungaroring,Hungaroring,47.5789,19.2486,Budapest,Hungary,2016-07-24,12:00:00Z,2016-07-22,2016-07-22,2016-07-23,2016-07-23,,,,,,,,,,
2016,12,https://en.wikipedia.org/wiki/2016_German_Grand_Prix,German Grand Prix,hockenheimring,https://en.wikipedia.org/wiki/Hockenheimring,Hockenheimring,49.3278,8.56583,Hockenheim,Germany,2016-07-31,12:00:00Z,2016-07-29,2016-07-29,2016-07-30,2016-07-30,,,,,,,,,,
2016,13,https://en.wikipedia.org/wiki/2016_Belgian_Grand_Prix,Belgian Grand Prix,spa,https://en.wikipedia.org/wiki/Circuit_de_Spa-Francorchamps,Circuit de Spa-Francorchamps,50.4372,5.97139,Spa,Belgium,2016-08-28,12:00:00Z,2016-08-26,2016-08-26,2016-08-27,2016-08-27,,,,,,,,,,
2016,14,https://en.wikipedia.org/wiki/2016_Italian_Grand_Prix,Italian Grand Prix,monza,https://en.wikipedia.org/wiki/Monza_Circuit,Autodromo Nazionale di Monza,45.6156,9.28111,Monza,Italy,2016-09-04,12:00:00Z,2016-09-02,2016-09-02,2016-09-03,2016-09-03,,,,,,,,,,
2016,15,https://en.wikipedia.org/wiki/2016_Singapore_Grand_Prix,Singapore Grand Prix,marina_bay,https://en.wikipedia.org/wiki/Marina_Bay_Street_Circuit,Marina Bay Street Circuit,1.2914,103.864,Marina Bay,Singapore,2016-09-18,12:00:00Z,2016-09-16,2016-09-16,2016-09-17,2016-09-17,,,,,,,,,,
2016,16,https://en.wikipedia.org/wiki/2016_Malaysian_Grand_Prix,Malaysian Grand Prix,sepang,https://en.wikipedia.org/wiki/Sepang_International_Circuit,Sepang International Circuit,2.76083,101.738,Kuala Lumpur,Malaysia,2016-10-02,07:00:00Z,2016-09-30,2016-09-30,2016-10-01,2016-10-01,,,,,,,,,,
2016,17,https://en.wikipedia.org/wiki/2016_Japanese_Grand_Prix,Japanese Grand Prix,suzuka,https://en.wikipedia.org/wiki/Suzuka_International_Racing_Course,Suzuka Circuit,34.8431,136.541,Suzuka,Japan,2016-10-09,05:00:00Z,2016-10-07,2016-10-07,2016-10-08,2016-10-08,,,,,,,,,,
2016,18,https://en.wikipedia.org/wiki/2016_United_States_Grand_Prix,United States Grand Prix,americas,https://en.wikipedia.org/wiki/Circuit_of_the_Americas,Circuit of the Americas,30.1328,-97.6411,Austin,USA,2016-10-23,19:00:00Z,2016-10-21,2016-10-21,2016-10-22,2016-10-22,,,,,,,,,,
2016,19,https://en.wikipedia.org/wiki/2016_Mexican_Grand_Prix,Mexican Grand Prix,rodriguez,https://en.wikipedia.org/wiki/Aut%C3%B3dromo_Hermanos_Rodr%C3%ADguez,Autódromo Hermanos Rodríguez,19.4042,-99.0907,Mexico City,Mexico,2016-10-30,19:00:00Z,2016-10-28,2016-10-28,2016-10-29,2016-10-29,,,,,,,,,,
2016,20,https://en.wikipedia.org/wiki/2016_Brazilian_Grand_Prix,Brazilian Grand Prix,interlagos,https://en.wikipedia.org/wiki/Interlagos_Circuit,Autódromo José Carlos Pace,-23.7036,-46.6997,São Paulo,Brazil,2016-11-13,16:00:00Z,2016-11-11,2016-11-11,2016-11-12,2016-11-12,,,,,,,,,,
2016,21,https://en.wikipedia.org/wiki/2016_Abu_Dhabi_Grand_Prix,Abu Dhabi Grand Prix,yas_marina,https://en.wikipedia.org/wiki/Yas_Marina_Circuit,Yas Marina Circuit,24.4672,54.6031,Abu Dhabi,UAE,2016-11-27,13:00:00Z,2016-11-25,2016-11-25,2016-11-26,2016-11-26,,,,,,,,,,
2017,1,https://en.wikipedia.org/wiki/2017_Australian_Grand_Prix,Australian Grand Prix,albert_park,https://en.wikipedia.org/wiki/Albert_Park_Circuit,Albert Park Grand Prix Circuit,-37.8497,144.968,Melbourne,Australia,2017-03-26,05:00:00Z,2017-03-24,2017-03-24,2017-03-25,2017-03-25,,,,,,,,,,
2017,2,https://en.wikipedia.org/wiki/2017_Chinese_Grand_Prix,Chinese Grand Prix,shanghai,https://en.wikipedia.org/wiki/Shanghai_International_Circuit,Shanghai International Circuit,31.3389,121.22,Shanghai,China,2017-04-09,06:00:00Z,2017-04-07,2017-04-07,2017-04-08,2017-04-08,,,,,,,,,,
2017,3,https://en.wikipedia.org/wiki/2017_Bahrain_Grand_Prix,Bahrain Grand Prix,bahrain,https://en.wikipedia.org/wiki/Bahrain_International_Circuit,Bahrain International Circuit,26.0325,50.5106,Sakhir,Bahrain,2017-04-16,15:00:00Z,2017-04-14,2017-04-14,2017-04-15,2017-04-15,,,,,,,,,,
2017,4,https://en.wikipedia.org/wiki/2017_Russian_Grand_Prix,Russian Grand Prix,sochi,https://en.wikipedia.org/wiki/Sochi_Autodrom,Sochi Autodrom,43.4057,39.9578,Sochi,Russia,2017-04-30,12:00:00Z,2017-04-28,2017-04-28,2017-04-29,2017-04-29,,,,,,,,,,
2017,5,https://en.wikipedia.org/wiki/2017_Spanish_Grand_Prix,Spanish Grand Prix,catalunya,https://en.wikipedia.org/wiki/Circuit_de_Barcelona-Catalunya,Circuit de Barcelona-Catalunya,41.57,2.26111,Barcelona,Spain,2017-05-14,12:00:00Z,2017-05-12,2017-05-12,2017-05-13,2017-05-13,,,,,,,,,,
2017,6,https://en.wikipedia.org/wiki/2017_Monaco_Grand_Prix,Monaco Grand Prix,monaco,https://en.wikipedia.org/wiki/Circuit_de_Monaco,Circuit de Monaco,43.7347,7.42056,Monte Carlo,Monaco,2017-05-28,12:00:00Z,2017-05-25,2017-05-25,2017-05-27,2017-05-27,,,,,,,,,,
2017,7,https://en.wikipedia.org/wiki/2017_Canadian_Grand_Prix,Canadian Grand Prix,villeneuve,https://en.wikipedia.org/wiki/Circuit_Gilles_Villeneuve,Circuit Gilles Villeneuve,45.5,-73.5228,Montreal,Canada,2017-06-11,18:00:00Z,2017-06-09,2017-06-09,2017-06-10,2017-06-10,,,,,,,,,,
2017,8,https://en.wikipedia.org/wiki/2017_Azerbaijan_Grand_Prix,Azerbaijan Grand Prix,baku,https://en.wikipedia.org/wiki/Baku_City_Circuit,Baku City Circuit,40.3725,49.8533,Baku,Azerbaijan,2017-06-25,13:00:00Z,2017-06-23,2017-06-23,2017-06-24,2017-06-24,,,,,,,,,,
2017,9,https://en.wikipedia.org/wiki/2017_Austrian_Grand_Prix,Austrian Grand Prix,red_bull_ring,https://en.wikipedia.org/wiki/Red_Bull_Ring,Red Bull Ring,47.2197,14.7647,Spielberg,Austria,2017-07-09,12:00:00Z,2017-07-07,2017-07-07,2017-07-08,2017-07-08,,,,,,,,,,
2017,10,https://en.wikipedia.org/wiki/2017_British_Grand_Prix,British Grand Prix,silverstone,https://en.wikipedia.org/wiki/Silverstone_Circuit,Silverstone Circuit,52.0786,-1.01694,Silverstone,UK,2017-07-16,12:00:00Z,2017-07-14,2017-07-14,2017-07-15,2017-07-15,,,,,,,,,,
2017,11,https://en.wikipedia.org/wiki/2017_Hungarian_Grand_Prix,Hungarian Grand Prix,hungaroring,https://en.wikipedia.org/wiki/Hungaroring,Hungaroring,47.5789,19.2486,Budapest,Hungary,2017-07-30,12:00:00Z,2017-07-28,2017-07-28,2017-07-29,2017-07-29,,,,,,,,,,
2017,12,https://en.wikipedia.org/wiki/2017_Belgian_Grand_Prix,Belgian Grand Prix,spa,https://en.wikipedia.org/wiki/Circuit_de_Spa-Francorchamps,Circuit de Spa-Francorchamps,50.4372,5.97139,Spa,Belgium,2017-08-27,12:00:00Z,2017-08-25,2017-08-25,2017-08-26,2017-08-26,,,,,,,,,,
2017,13,https://en.wikipedia.org/wiki/2017_Italian_Grand_Prix,Italian Grand Prix,monza,https://en.wikipedia.org/wiki/Monza_Circuit,Autodromo Nazionale di Monza,45.6156,9.28111,Monza,Italy,2017-09-03,12:00:00Z,2017-09-01,2017-09-01,2017-09-02,2017-09-02,,,,,,,,,,
2017,14,https://en.wikipedia.org/wiki/2017_Singapore_Grand_Prix,Singapore Grand Prix,marina_bay,https://en.wikipedia.org/wiki/Marina_Bay_Street_Circuit,Marina Bay Street Circuit,1.2914,103.864,Marina Bay,Singapore,2017-09-17,12:00:00Z,2017-09-15,2017-09-15,2017-09-16,2017-09-16,,,,,,,,,,
2017,15,https://en.wikipedia.org/wiki/2017_Malaysian_Grand_Prix,Malaysian Grand Prix,sepang,https://en.wikipedia.org/wiki/Sepang_International_Circuit,Sepang International Circuit,2.76083,101.738,Kuala Lumpur,Malaysia,2017-10-01,07:00:00Z,2017-09-29,2017-09-29,2017-09-30,2017-09-30,,,,,,,,,,
2017,16,https://en.wikipedia.org/wiki/2017_Japanese_Grand_Prix,Japanese Grand Prix,suzuka,https://en.wikipedia.org/wiki/Suzuka_International_Racing_Course,Suzuka Circuit,34.8431,136.541,Suzuka,Japan,2017-10-08,05:00:00Z,2017-10-06,2017-10-06,2017-10-07,2017-10-07,,,,,,,,,,
2017,17,https://en.wikipedia.org/wiki/2017_United_States_Grand_Prix,United States Grand Prix,americas,https://en.wikipedia.org/wiki/Circuit_of_the_Americas,Circuit of the Americas,30.1328,-97.6411,Austin,USA,2017-10-22,19:00:00Z,2017-10-20,2017-10-20,2017-10-21,2017-10-21,,,,,,,,,,
2017,18,https://en.wikipedia.org/wiki/2017_Mexican_Grand_Prix,Mexican Grand Prix,rodriguez,https://en.wikipedia.org/wiki/Aut%C3%B3dromo_Hermanos_Rodr%C3%ADguez,Autódromo Hermanos Rodríguez,19.4042,-99.0907,Mexico City,Mexico,2017-10-29,19:00:00Z,2017-10-27,2017-10-27,2017-10-28,2017-10-28,,,,,,,,,,
2017,19,https://en.wikipedia.org/wiki/2017_Brazilian_Grand_Prix,Brazilian Grand Prix,interlagos,https://en.wikipedia.org/wiki/Interlagos_Circuit,Autódromo José Carlos Pace,-23.7036,-46.6997,São Paulo,Brazil,2017-11-12,16:00:00Z,2017-11-10,2017-11-10,2017-11-11,2017-11-11,,,,,,,,,,
2017,20,https://en.wikipedia.org/wiki/2017_Abu_Dhabi_Grand_Prix,Abu Dhabi Grand Prix,yas_marina,https://en.wikipedia.org/wiki/Yas_Marina_Circuit,Yas Marina Circuit,24.4672,54.6031,Abu Dhabi,UAE,2017-11-26,13:00:00Z,2017-11-24,2017-11-24,2017-11-25,2017-11-25,,,,,,,,,,
2018,1,https://en.wikipedia.org/wiki/2018_Australian_Grand_Prix,Australian Grand Prix,albert_park,https://en.wikipedia.org/wiki/Albert_Park_Circuit,Albert Park Grand Prix Circuit,-37.8497,144.968,Melbourne,Australia,2018-03-25,05:10:00Z,2018-03-23,2018-03-23,2018-03-24,2018-03-24,,,,,,,,,,
2018,2,https://en.wikipedia.org/wiki/2018_Bahrain_Grand_Prix,Bahrain Grand Prix,bahrain,https://en.wikipedia.org/wiki/Bahrain_International_Circuit,Bahrain International Circuit,26.0325,50.5106,Sakhir,Bahrain,2018-04-08,15:10:00Z,2018-04-06,2018-04-06,2018-04-07,2018-04-07,,,,,,,,,,
2018,3,https://en.wikipedia.org/wiki/2018_Chinese_Grand_Prix,Chinese Grand Prix,shanghai,https://en.wikipedia.org/wiki/Shanghai_International_Circuit,Shanghai International Circuit,31.3389,121.22,Shanghai,China,2018-04-15,06:10:00Z,2018-04-13,2018-04-13,2018-04-14,2018-04-14,,,,,,,,,,
2018,4,https://en.wikipedia.org/wiki/2018_Azerbaijan_Grand_Prix,Azerbaijan Grand Prix,baku,https://en.wikipedia.org/wiki/Baku_City_Circuit,Baku City Circuit,40.3725,49.8533,Baku,Azerbaijan,2018-04-29,12:10:00Z,2018-04-27,2018-04-27,2018-04-28,2018-04-28,,,,,,,,,,
2018,5,https://en.wikipedia.org/wiki/2018_Spanish_Grand_Prix,Spanish Grand Prix,catalunya,https://en.wikipedia.org/wiki/Circuit_de_Barcelona-Catalunya,Circuit de Barcelona-Catalunya,41.57,2.26111,Barcelona,Spain,2018-05-13,13:10:00Z,2018-05-11,2018-05-11,2018-05-12,2018-05-12,,,,,,,,,,
2018,6,https://en.wikipedia.org/wiki/2018_Monaco_Grand_Prix,Monaco Grand Prix,monaco,https://en.wikipedia.org/wiki/Circuit_de_Monaco,Circuit de Monaco,43.7347,7.42056,Monte Carlo,Monaco,2018-05-27,13:10:00Z,2018-05-24,2018-05-24,2018-05-26,2018-05-26,,,,,,,,,,
2018,7,https://en.wikipedia.org/wiki/2018_Canadian_Grand_Prix,Canadian Grand Prix,villeneuve,https://en.wikipedia.org/wiki/Circuit_Gilles_Villeneuve,Circuit Gilles Villeneuve,45.5,-73.5228,Montreal,Canada,2018-06-10,18:10:00Z,2018-06-08,2018-06-08,2018-06-09,2018-06-09,,,,,,,,,,
2018,8,https://en.wikipedia.org/wiki/2018_French_Grand_Prix,French Grand Prix,ricard,https://en.wikipedia.org/wiki/Circuit_Paul_Ricard,Circuit Paul Ricard,43.2506,5.79167,Le Castellet,France,2018-06-24,14:10:00Z,2018-06-22,2018-06-22,2018-06-23,2018-06-23,,,,,,,,,,
2018,9,https://en.wikipedia.org/wiki/2018_Austrian_Grand_Prix,Austrian Grand Prix,red_bull_ring,https://en.wikipedia.org/wiki/Red_Bull_Ring,Red Bull Ring,47.2197,14.7647,Spielberg,Austria,2018-07-01,13:10:00Z,2018-06-29,2018-06-29,2018-06-30,2018-06-30,,,,,,,,,,
2018,10,https://en.wikipedia.org/wiki/2018_British_Grand_Prix,British Grand Prix,silverstone,https://en.wikipedia.org/wiki/Silverstone_Circuit,Silverstone Circuit,52.0786,-1.01694,Silverstone,UK,2018-07-08,13:10:00Z,2018-07-06,2018-07-06,2018-07-07,2018-07-07,,,,,,,,,,
2018,11,https://en.wikipedia.org/wiki/2018_German_Grand_Prix,German Grand Prix,hockenheimring,https://en.wikipedia.org/wiki/Hockenheimring,Hockenheimring,49.3278,8.56583,Hockenheim,Germany,2018-07-22,13:10:00Z,2018-07-20,2018-07-20,2018-07-21,2018-07-21,,,,,,,,,,
2018,12,https://en.wikipedia.org/wiki/2018_Hungarian_Grand_Prix,Hungarian Grand Prix,hungaroring,https://en.wikipedia.org/wiki/Hungaroring,Hungaroring,47.5789,19.2486,Budapest,Hungary,2018-07-29,13:10:00Z,2018-07-27,2018-07-27,2018-07-28,2018-07-28,,,,,,,,,,
2018,13,https://en.wikipedia.org/wiki/2018_Belgian_Grand_Prix,Belgian Grand Prix,spa,https://en.wikipedia.org/wiki/Circuit_de_Spa-Francorchamps,Circuit de Spa-Francorchamps,50.4372,5.97139,Spa,Belgium,2018-08-26,13:10:00Z,2018-08-24,2018-08-24,2018-08-25,2018-08-25,,,,,,,,,,
2018,14,https://en.wikipedia.org/wiki/2018_Italian_Grand_Prix,Italian Grand Prix,monza,https://en.wikipedia.org/wiki/Monza_Circuit,Autodromo Nazionale di Monza,45.6156,9.28111,Monza,Italy,2018-09-02,13:10:00Z,2018-08-31,2018-08-31,2018-09-01,2018-09-01,,,,,,,,,,
2018,15,https://en.wikipedia.org/wiki/2018_Singapore_Grand_Prix,Singapore Grand Prix,marina_bay,https://en.wikipedia.org/wiki/Marina_Bay_Street_Circuit,Marina Bay Street Circuit,1.2914,103.864,Marina Bay,Singapore,2018-09-16,12:10:00Z,2018-09-14,2018-09-14,2018-09-15,2018-09-15,,,,,,,,,,
2018,16,https://en.wikipedia.org/wiki/2018_Russian_Grand_Prix,Russian Grand Prix,sochi,https://en.wikipedia.org/wiki/Sochi_Autodrom,Sochi Autodrom,43.4057,39.9578,Sochi,Russia,2018-09-30,11:10:00Z,2018-09-28,2018-09-28,2018-09-29,2018-09-29,,,,,,,,,,
2018,17,https://en.wikipedia.org/wiki/2018_Japanese_Grand_Prix,Japanese Grand Prix,suzuka,https://en.wikipedia.org/wiki/Suzuka_International_Racing_Course,Suzuka Circuit,34.8431,136.541,Suzuka,Japan,2018-10-07,05:10:00Z,2018-10-05,2018-10-05,2018-10-06,2018-10-06,,,,,,,,,,
2018,18,https://en.wikipedia.org/wiki/2018_United_States_Grand_Prix,United States Grand Prix,americas,https://en.wikipedia.org/wiki/Circuit_of_the_Americas,Circuit of the Americas,30.1328,-97.6411,Austin,USA,2018-10-21,18:10:00Z,2018-10-19,2018-10-19,2018-10-20,2018-10-20,,,,,,,,,,
2018,19,https://en.wikipedia.org/wiki/2018_Mexican_Grand_Prix,Mexican Grand Prix,rodriguez,https://en.wikipedia.org/wiki/Aut%C3%B3dromo_Hermanos_Rodr%C3%ADguez,Autódromo Hermanos Rodríguez,19.4042,-99.0907,Mexico City,Mexico,2018-10-28,19:10:00Z,2018-10-26,2018-10-26,2018-10-27,2018-10-27,,,,,,,,,,
2018,20,https://en.wikipedia.org/wiki/2018_Brazilian_Grand_Prix,Brazilian Grand Prix,interlagos,https://en.wikipedia.org/wiki/Interlagos_Circuit,Autódromo José Carlos Pace,-23.7036,-46.6997,São Paulo,Brazil,2018-11-11,17:10:00Z,2018-11-09,2018-11-09,2018-11-10,2018-11-10,,,,,,,,,,
2018,21,https://en.wikipedia.org/wiki/2018_Abu_Dhabi_Grand_Prix,Abu Dhabi Grand Prix,yas_marina,https://en.wikipedia.org/wiki/Yas_Marina_Circuit,Yas Marina Circuit,24.4672,54.6031,Abu Dhabi,UAE,2018-11-25,13:10:00Z,2018-11-23,2018-11-23,2018-11-24,2018-11-24,,,,,,,,,,
2019,1,https://en.wikipedia.org/wiki/2019_Australian_Grand_Prix,Australian Grand Prix,albert_park,https://en.wikipedia.org/wiki/Albert_Park_Circuit,Albert Park Grand Prix Circuit,-37.8497,144.968,Melbourne,Australia,2019-03-17,05:10:00Z,2019-03-15,2019-03-15,2019-03-16,2019-03-16,,,,,,,,,,
2019,2,https://en.wikipedia.org/wiki/2019_Bahrain_Grand_Prix,Bahrain Grand Prix,bahrain,https://en.wikipedia.org/wiki/Bahrain_International_Circuit,Bahrain International Circuit,26.0325,50.5106,Sakhir,Bahrain,2019-03-31,15:10:00Z,2019-03-29,2019-03-29,2019-03-30,2019-03-30,,,,,,,,,,
2019,3,https://en.wikipedia.org/wiki/2019_Chinese_Grand_Prix,Chinese Grand Prix,shanghai,https://en.wikipedia.org/wiki/Shanghai_International_Circuit,Shanghai International Circuit,31.3389,121.22,Shanghai,China,2019-04-14,06:10:00Z,2019-04-12,2019-04-12,2019-04-13,2019-04-13,,,,,,,,,,
2019,4,https://en.wikipedia.org/wiki/2019_Azerbaijan_Grand_Prix,Azerbaijan Grand Prix,baku,https://en.wikipedia.org/wiki/Baku_City_Circuit,Baku City Circuit,40.3725,49.8533,Baku,Azerbaijan,2019-04-28,12:10:00Z,2019-04-26,2019-04-26,2019-04-27,2019-04-27,,,,,,,,,,
2019,5,https://en.wikipedia.org/wiki/2019_Spanish_Grand_Prix,Spanish Grand Prix,catalunya,https://en.wikipedia.org/wiki/Circuit_de_Barcelona-Catalunya,Circuit de Barcelona-Catalunya,41.57,2.26111,Barcelona,Spain,2019-05-12,13:10:00Z,2019-05-10,2019-05-10,2019-05-11,2019-05-11,,,,,,,,,,
2019,6,https://en.wikipedia.org/wiki/2019_Monaco_Grand_Prix,Monaco Grand Prix,monaco,https://en.wikipedia.org/wiki/Circuit_de_Monaco,Circuit de Monaco,43.7347,7.42056,Monte Carlo,Monaco,2019-05-26,13:10:00Z,2019-05-23,2019-05-23,2019-05-25,2019-05-25,,,,,,,,,,
2019,7,https://en.wikipedia.org/wiki/2019_Canadian_Grand_Prix,Canadian Grand Prix,villeneuve,https://en.wikipedia.org/wiki/Circuit_Gilles_Villeneuve,Circuit Gilles Villeneuve,45.5,-73.5228,Montreal,Canada,2019-06-09,18:10:00Z,2019-06-07,2019-06-07,2019-06-08,2019-06-08,,,,,,,,,,
2019,8,https://en.wikipedia.org/wiki/2019_French_Grand_Prix,French Grand Prix,ricard,https://en.wikipedia.org/wiki/Circuit_Paul_Ricard,Circuit Paul Ricard,43.2506,5.79167,Le Castellet,France,2019-06-23,13:10:00Z,2019-06-21,2019-06-21,2019-06-22,2019-06-22,,,,,,,,,,
2019,9,https://en.wikipedia.org/wiki/2019_Austrian_Grand_Prix,Austrian Grand Prix,red_bull_ring,https://en.wikipedia.org/wiki/Red_Bull_Ring,Red Bull Ring,47.2197,14.7647,Spielberg,Austria,2019-06-30,13:10:00Z,2019-06-28,2019-06-28,2019-06-29,2019-06-29,,,,,,,,,,
2019,10,https://en.wikipedia.org/wiki/2019_British_Grand_Prix,British Grand Prix,silverstone,https://en.wikipedia.org/wiki/Silverstone_Circuit,Silverstone Circuit,52.0786,-1.01694,Silverstone,UK,2019-07-14,13:10:00Z,2019-07-12,2019-07-12,2019-07-13,2019-07-13,,,,,,,,,,
2019,11,https://en.wikipedia.org/wiki/2019_German_Grand_Prix,German Grand Prix,hockenheimring,https://en.wikipedia.org/wiki/Hockenheimring,Hockenheimring,49.3278,8.56583,Hockenheim,Germany,2019-07-28,13:10:00Z,2019-07-26,2019-07-26,2019-07-27,2019-07-27,,,,,,,,,,
2019,12,https://en.wikipedia.org/wiki/2019_Hungarian_Grand_Prix,Hungarian Grand Prix,hungaroring,https://en.wikipedia.org/wiki/Hungaroring,Hungaroring,47.5789,19.2486,Budapest,Hungary,2019-08-04,13:10:00Z,2019-08-02,2019-08-02,2019-08-03,2019-08-03,,,,,,,,,,
2019,13,https://en.wikipedia.org/wiki/2019_Belgian_Grand_Prix,Belgian Grand Prix,spa,https://en.wikipedia.org/wiki/Circuit_de_Spa-Francorchamps,Circuit de Spa-Francorchamps,50.4372,5.97139,Spa,Belgium,2019-09-01,13:10:00Z,2019-08-30,2019-08-30,2019-08-31,2019-08-31,,,,,,,,,,
2019,14,https://en.wikipedia.org/wiki/2019_Italian_Grand_Prix,Italian Grand Prix,monza,https://en.wikipedia.org/wiki/Monza_Circuit,Autodromo Nazionale di Monza,45.6156,9.28111,Monza,Italy,2019-09-08,13:10:00Z,2019-09-06,2019-09-06,2019-09-07,2019-09-07,,,,,,,,,,
2019,15,https://en.wikipedia.org/wiki/2019_Singapore_Grand_Prix,Singapore Grand Prix,marina_bay,https://en.wikipedia.org/wiki/Marina_Bay_Street_Circuit,Marina Bay Street Circuit,1.2914,103.864,Marina Bay,Singapore,2019-09-22,12:10:00Z,2019-09-20,2019-09-20,2019-09-21,2019-09-21,,,,,,,,,,
2019,16,https://en.wikipedia.org/wiki/2019_Russian_Grand_Prix,Russian Grand Prix,sochi,https://en.wikipedia.org/wiki/Sochi_Autodrom,Sochi Autodrom,43.4057,39.9578,Sochi,Russia,2019-09-29,11:10:00Z,2019-09-27,2019-09-27,2019-09-28,2019-09-28,,,,,,,,,,
2019,17,https://en.wikipedia.org/wiki/2019_Japanese_Grand_Prix,Japanese Grand Prix,suzuka,https://en.wikipedia.org/wiki/Suzuka_International_Racing_Course,Suzuka Circuit,34.8431,136.541,Suzuka,Japan,2019-10-13,05:10:00Z,2019-10-11,2019-10-11,2019-10-12,2019-10-12,,,,,,,,,,
2019,18,https://en.wikipedia.org/wiki/2019_Mexican_Grand_Prix,Mexican Grand Prix,rodriguez,https://en.wikipedia.org/wiki/Aut%C3%B3dromo_Hermanos_Rodr%C3%ADguez,Autódromo Hermanos Rodríguez,19.4042,-99.0907,Mexico City,Mexico,2019-10-27,19:10:00Z,2019-10-25,2019-10-25,2019-10-26,2019-10-26,,,,,,,,,,
2019,19,https://en.wikipedia.org/wiki/2019_United_States_Grand_Prix,United States Grand Prix,americas,https://en.wikipedia.org/wiki/Circuit_of_the_Americas,Circuit of the Americas,30.1328,-97.6411,Austin,USA,2019-11-03,19:10:00Z,2019-11-01,2019-11-01,2019-11-02,2019-11-02,,,,,,,,,,
2019,20,https://en.wikipedia.org/wiki/2019_Brazilian_Grand_Prix,Brazilian Grand Prix,interlagos,https://en.wikipedia.org/wiki/Interlagos_Circuit,Autódromo José Carlos Pace,-23.7036,-46.6997,São Paulo,Brazil,2019-11-17,17:10:00Z,2019-11-15,2019-11-15,2019-11-16,2019-11-16,,,,,,,,,,
2019,21,https://en.wikipedia.org/wiki/2019_Abu_Dhabi_Grand_Prix,Abu Dhabi Grand Prix,yas_marina,https://en.wikipedia.org/wiki/Yas_Marina_Circuit,Yas Marina Circuit,24.4672,54.6031,Abu Dhabi,UAE,2019-12-01,13:10:00Z,2019-11-29,2019-11-29,2019-11-30,2019-11-30,,,,,,,,,,
2020,1,https://en.wikipedia.org/wiki/2020_Austrian_Grand_Prix,Austrian Grand Prix,red_bull_ring,https://en.wikipedia.org/wiki/Red_Bull_Ring,Red Bull Ring,47.2197,14.7647,Spielberg,Austria,2020-07-05,13:10:00Z,2020-07-03,2020-07-03,2020-07-04,2020-07-04,,,,,,,,,,
2020,2,https://en.wikipedia.org/wiki/2020_Styrian_Grand_Prix,Styrian Grand Prix,red_bull_ring,https://en.wikipedia.org/wiki/Red_Bull_Ring,Red Bull Ring,47.2197,14.7647,Spielberg,Austria,2020-07-12,13:10:00Z,2020-07-10,2020-07-10,2020-07-11,2020-07-11,,,,,,,,,,
2020,3,https://en.wikipedia.org/wiki/2020_Hungarian_Grand_Prix,Hungarian Grand Prix,hungaroring,https://en.wikipedia.org/wiki/Hungaroring,Hungaroring,47.5789,19.2486,Budapest,Hungary,2020-07-19,13:10:00Z,2020-07-17,2020-07-17,2020-07-18,2020-07-18,,,,,,,,,,
2020,4,https://en.wikipedia.org/wiki/2020_British_Grand_Prix,British Grand Prix,silverstone,https://en.wikipedia.org/wiki/Silverstone_Circuit,Silverstone Circuit,52.0786,-1.01694,Silverstone,UK,2020-08-02,13:10:00Z,2020-07-31,2020-07-31,2020-08-01,2020-08-01,,,,,,,,,,
2020,5,https://en.wikipedia.org/wiki/70th_Anniversary_Grand_Prix,70th Anniversary Grand Prix,silverstone,https://en.wikipedia.org/wiki/Silverstone_Circuit,Silverstone Circuit,52.0786,-1.01694,Silverstone,UK,2020-08-09,13:10:00Z,2020-08-07,2020-08-07,2020-08-08,2020-08-08,,,,,,,,,,
2020,6,https://en.wikipedia.org/wiki/2020_Spanish_Grand_Prix,Spanish Grand Prix,catalunya,https://en.wikipedia.org/wiki/Circuit_de_Barcelona-Catalunya,Circuit de Barcelona-Catalunya,41.57,2.26111,Barcelona,Spain,2020-08-16,13:10:00Z,2020-08-14,2020-08-14,2020-08-15,2020-08-15,,,,,,,,,,
2020,7,https://en.wikipedia.org/wiki/2020_Belgian_Grand_Prix,Belgian Grand Prix,spa,https://en.wikipedia.org/wiki/Circuit_de_Spa-Francorchamps,Circuit de Spa-Francorchamps,50.4372,5.97139,Spa,Belgium,2020-08-30,13:10:00Z,2020-08-28,2020-08-28,2020-08-29,2020-08-29,,,,,,,,,,
2020,8,https://en.wikipedia.org/wiki/2020_Italian_Grand_Prix,Italian Grand Prix,monza,https://en.wikipedia.org/wiki/Monza_Circuit,Autodromo Nazionale di Monza,45.6156,9.28111,Monza,Italy,2020-09-06,13:10:00Z,2020-09-04,2020-09-04,2020-09-05,2020-09-05,,,,,,,,,,
2020,9,https://en.wikipedia.org/wiki/2020_Tuscan_Grand_Prix,Tuscan Grand Prix,mugello,https://en.wikipedia.org/wiki/Mugello_Circuit,Autodromo Internazionale del Mugello,43.9975,11.3719,Mugello,Italy,2020-09-13,13:10:00Z,2020-09-11,2020-09-11,2020-09-12,2020-09-12,,,,,,,,,,
2020,10,https://en.wikipedia.org/wiki/2020_Russian_Grand_Prix,Russian Grand Prix,sochi,https://en.wikipedia.org/wiki/Sochi_Autodrom,Sochi Autodrom,43.4057,39.9578,Sochi,Russia,2020-09-27,11:10:00Z,2020-09-25,2020-09-25,2020-09-26,2020-09-26,,,,,,,,,,
2020,11,https://en.wikipedia.org/wiki/2020_Eifel_Grand_Prix,Eifel Grand Prix,nurburgring,https://en.wikipedia.org/wiki/N%C3%BCrburgring,Nürburgring,50.3356,6.9475,Nürburg,Germany,2020-10-11,13:10:00Z,2020-10-09,2020-10-09,2020-10-10,2020-10-10,,,,,,,,,,
2020,12,https://en.wikipedia.org/wiki/2020_Portuguese_Grand_Prix,Portuguese Grand Prix,portimao,https://en.wikipedia.org/wiki/Algarve_International_Circuit,Autódromo Internacional do Algarve,37.227,-8.6267,Portimão,Portugal,2020-10-25,12:10:00Z,2020-10-23,2020-10-23,2020-10-24,2020-10-24,,,,,,,,,,
2020,13,https://en.wikipedia.org/wiki/2020_Emilia_Romagna_Grand_Prix,Emilia Romagna Grand Prix,imola,https://en.wikipedia.org/wiki/Imola_Circuit,Autodromo Enzo e Dino Ferrari,44.3439,11.7167,Imola,Italy,2020-11-01,12:10:00Z,2020-10-30,2020-10-30,2020-10-31,2020-10-31,,,,,,,,,,
2020,14,https://en.wikipedia.org/wiki/2020_Turkish_Grand_Prix,Turkish Grand Prix,istanbul,https://en.wikipedia.org/wiki/Istanbul_Park,Istanbul Park,40.9517,29.405,Istanbul,Turkey,2020-11-15,10:10:00Z,2020-11-13,2020-11-13,2020-11-14,2020-11-14,,,,,,,,,,
2020,15,https://en.wikipedia.org/wiki/2020_Bahrain_Grand_Prix,Bahrain Grand Prix,bahrain,https://en.wikipedia.org/wiki/Bahrain_International_Circuit,Bahrain International Circuit,26.0325,50.5106,Sakhir,Bahrain,2020-11-29,14:10:00Z,2020-11-27,2020-11-27,2020-11-28,2020-11-28,,,,,,,,,,
2020,16,https://en.wikipedia.org/wiki/2020_Sakhir_Grand_Prix,Sakhir Grand Prix,bahrain,https://en.wikipedia.org/wiki/Bahrain_International_Circuit,Bahrain International Circuit,26.0325,50.5106,Sakhir,Bahrain,2020-12-06,17:10:00Z,2020-12-04,2020-12-04,2020-12-05,2020-12-05,,,,,,,,,,
2020,17,https://en.wikipedia.org/wiki/2020_Abu_Dhabi_Grand_Prix,Abu Dhabi Grand Prix,yas_marina,https://en.wikipedia.org/wiki/Yas_Marina_Circuit,Yas Marina Circuit,24.4672,54.6031,Abu Dhabi,UAE,2020-12-13,13:10:00Z,2020-12-11,2020-12-11,2020-12-12,2020-12-12,,,,,,,,,,
2021,1,https://en.wikipedia.org/wiki/2021_Bahrain_Grand_Prix,Bahrain Grand Prix,bahrain,https://en.wikipedia.org/wiki/Bahrain_International_Circuit,Bahrain International Circuit,26.0325,50.5106,Sakhir,Bahrain,2021-03-28,15:00:00Z,2021-03-26,2021-03-26,2021-03-27,2021-03-27,,,,,,,,,,
2021,2,https://en.wikipedia.org/wiki/2021_Emilia_Romagna_Grand_Prix,Emilia Romagna Grand Prix,imola,https://en.wikipedia.org/wiki/Imola_Circuit,Autodromo Enzo e Dino Ferrari,44.3439,11.7167,Imola,Italy,2021-04-18,13:00:00Z,2021-04-16,2021-04-16,2021-04-17,2021-04-17,,,,,,,,,,
2021,3,https://en.wikipedia.org/wiki/2021_Portuguese_Grand_Prix,Portuguese Grand Prix,portimao,https://en.wikipedia.org/wiki/Algarve_International_Circuit,Autódromo Internacional do Algarve,37.227,-8.6267,Portimão,Portugal,2021-05-02,14:00:00Z,2021-04-30,2021-04-30,2021-05-01,2021-05-01,,,,,,,,,,
2021,4,https://en.wikipedia.org/wiki/2021_Spanish_Grand_Prix,Spanish Grand Prix,catalunya,https://en.wikipedia.org/wiki/Circuit_de_Barcelona-Catalunya,Circuit de Barcelona-Catalunya,41.57,2.26111,Barcelona,Spain,2021-05-09,13:00:00Z,2021-05-07,2021-05-07,2021-05-08,2021-05-08,,,,,,,,,,
2021,5,https://en.wikipedia.org/wiki/2021_Monaco_Grand_Prix,Monaco Grand Prix,monaco,https://en.wikipedia.org/wiki/Circuit_de_Monaco,Circuit de Monaco,43.7347,7.42056,Monte Carlo,Monaco,2021-05-23,13:00:00Z,2021-05-21,2021-05-21,2021-05-22,2021-05-22,,,,,,,,,,
2021,6,https://en.wikipedia.org/wiki/2021_Azerbaijan_Grand_Prix,Azerbaijan Grand Prix,baku,https://en.wikipedia.org/wiki/Baku_City_Circuit,Baku City Circuit,40.3725,49.8533,Baku,Azerbaijan,2021-06-06,12:00:00Z,2021-06-04,2021-06-04,2021-06-05,2021-06-05,,,,,,,,,,
2021,7,https://en.wikipedia.org/wiki/2021_French_Grand_Prix,French Grand Prix,ricard,https://en.wikipedia.org/wiki/Circuit_Paul_Ricard,Circuit Paul Ricard,43.2506,5.79167,Le Castellet,France,2021-06-20,13:00:00Z,2021-06-18,2021-06-18,2021-06-19,2021-06-19,,,,,,,,,,
2021,8,https://en.wikipedia.org/wiki/2021_Styrian_Grand_Prix,Styrian Grand Prix,red_bull_ring,https://en.wikipedia.org/wiki/Red_Bull_Ring,Red Bull Ring,47.2197,14.7647,Spielberg,Austria,2021-06-27,13:00:00Z,2021-06-25,2021-06-25,2021-06-26,2021-06-26,,,,,,,,,,
2021,9,https://en.wikipedia.org/wiki/2021_Austrian_Grand_Prix,Austrian Grand Prix,red_bull_ring,https://en.wikipedia.org/wiki/Red_Bull_Ring,Red Bull Ring,47.2197,14.7647,Spielberg,Austria,2021-07-04,13:00:00Z,2021-07-02,2021-07-02,2021-07-03,2021-07-03,,,,,,,,,,
2021,10,https://en.wikipedia.org/wiki/2021_British_Grand_Prix,British Grand Prix,silverstone,https://en.wikipedia.org/wiki/Silverstone_Circuit,Silverstone Circuit,52.0786,-1.01694,Silverstone,UK,2021-07-18,14:00:00Z,2021-07-16,2021-07-17,,2021-07-16,2021-07-17,,,,,,,,,
2021,11,https://en.wikipedia.org/wiki/2021_Hungarian_Grand_Prix,Hungarian Grand Prix,hungaroring,https://en.wikipedia.org/wiki/Hungaroring,Hungaroring,47.5789,19.2486,Budapest,Hungary,2021-08-01,13:00:00Z,2021-07-30,2021-07-30,2021-07-31,2021-07-31,,,,,,,,,,
2021,12,https://en.wikipedia.org/wiki/2021_Belgian_Grand_Prix,Belgian Grand Prix,spa,https://en.wikipedia.org/wiki/Circuit_de_Spa-Francorchamps,Circuit de Spa-Francorchamps,50.4372,5.97139,Spa,Belgium,2021-08-29,13:00:00Z,2021-08-27,2021-08-27,2021-08-28,2021-08-28,,,,,,,,,,
2021,13,https://en.wikipedia.org/wiki/2021_Dutch_Grand_Prix,Dutch Grand Prix,zandvoort,https://en.wikipedia.org/wiki/Circuit_Zandvoort,Circuit Park Zandvoort,52.3888,4.54092,Zandvoort,Netherlands,2021-09-05,13:00:00Z,2021-09-03,2021-09-03,2021-09-04,2021-09-04,,,,,,,,,,
2021,14,https://en.wikipedia.org/wiki/2021_Italian_Grand_Prix,Italian Grand Prix,monza,https://en.wikipedia.org/wiki/Monza_Circuit,Autodromo Nazionale di Monza,45.6156,9.28111,Monza,Italy,2021-09-12,13:00:00Z,2021-09-10,2021-09-11,,2021-09-10,2021-09-11,,,,,,,,,
2021,15,https://en.wikipedia.org/wiki/2021_Russian_Grand_Prix,Russian Grand Prix,sochi,https://en.wikipedia.org/wiki/Sochi_Autodrom,Sochi Autodrom,43.4057,39.9578,Sochi,Russia,2021-09-26,12:00:00Z,2021-09-24,2021-09-24,2021-09-25,2021-09-25,,,,,,,,,,
2021,16,https://en.wikipedia.org/wiki/2021_Turkish_Grand_Prix,Turkish Grand Prix,istanbul,https://en.wikipedia.org/wiki/Istanbul_Park,Istanbul Park,40.9517,29.405,Istanbul,Turkey,2021-10-10,12:00:00Z,2021-10-08,2021-10-08,2021-10-09,2021-10-09,,,,,,,,,,
2021,17,https://en.wikipedia.org/wiki/2021_United_States_Grand_Prix,United States Grand Prix,americas,https://en.wikipedia.org/wiki/Circuit_of_the_Americas,Circuit of the Americas,30.1328,-97.6411,Austin,USA,2021-10-24,19:00:00Z,2021-10-22,2021-10-22,2021-10-23,2021-10-23,,,,,,,,,,
2021,18,https://en.wikipedia.org/wiki/2021_Mexico_City_Grand_Prix,Mexico City Grand Prix,rodriguez,https://en.wikipedia.org/wiki/Aut%C3%B3dromo_Hermanos_Rodr%C3%ADguez,Autódromo Hermanos Rodríguez,19.4042,-99.0907,Mexico City,Mexico,2021-11-07,19:00:00Z,2021-11-05,2021-11-05,2021-11-06,2021-11-06,,,,,,,,,,
2021,19,https://en.wikipedia.org/wiki/2021_S%C3%A3o_Paulo_Grand_Prix,São Paulo Grand Prix,interlagos,https://en.wikipedia.org/wiki/Interlagos_Circuit,Autódromo José Carlos Pace,-23.7036,-46.6997,São Paulo,Brazil,2021-11-14,17:00:00Z,2021-11-12,2021-11-13,,2021-11-12,2021-11-13,,,,,,,,,
2021,20,https://en.wikipedia.org/wiki/2021_Qatar_Grand_Prix,Qatar Grand Prix,losail,https://en.wikipedia.org/wiki/Lusail_International_Circuit,Losail International Circuit,25.49,51.4542,Lusail,Qatar,2021-11-21,14:00:00Z,2021-11-19,2021-11-19,2021-11-20,2021-11-20,,,,,,,,,,
2021,21,https://en.wikipedia.org/wiki/2021_Saudi_Arabian_Grand_Prix,Saudi Arabian Grand Prix,jeddah,https://en.wikipedia.org/wiki/Jeddah_Corniche_Circuit,Jeddah Corniche Circuit,21.6319,39.1044,Jeddah,Saudi Arabia,2021-12-05,17:30:00Z,2021-12-03,2021-12-03,2021-12-04,2021-12-04,,,,,,,,,,
2021,22,https://en.wikipedia.org/wiki/2021_Abu_Dhabi_Grand_Prix,Abu Dhabi Grand Prix,yas_marina,https://en.wikipedia.org/wiki/Yas_Marina_Circuit,Yas Marina Circuit,24.4672,54.6031,Abu Dhabi,UAE,2021-12-12,13:00:00Z,2021-12-10,2021-12-10,2021-12-11,2021-12-11,,,,,,,,,,
2022,1,https://en.wikipedia.org/wiki/2022_Bahrain_Grand_Prix,Bahrain Grand Prix,bahrain,https://en.wikipedia.org/wiki/Bahrain_International_Circuit,Bahrain International Circuit,26.0325,50.5106,Sakhir,Bahrain,2022-03-20,15:00:00Z,2022-03-18,2022-03-18,2022-03-19,2022-03-19,,12:00:00Z,15:00:00Z,12:00:00Z,15:00:00Z,,,,,
2022,2,https://en.wikipedia.org/wiki/2022_Saudi_Arabian_Grand_Prix,Saudi Arabian Grand Prix,jeddah,https://en.wikipedia.org/wiki/Jeddah_Corniche_Circuit,Jeddah Corniche Circuit,21.6319,39.1044,Jeddah,Saudi Arabia,2022-03-27,17:00:00Z,2022-03-25,2022-03-25,2022-03-26,2022-03-26,,14:00:00Z,17:00:00Z,14:00:00Z,17:00:00Z,,,,,
2022,3,https://en.wikipedia.org/wiki/2022_Australian_Grand_Prix,Australian Grand Prix,albert_park,https://en.wikipedia.org/wiki/Albert_Park_Circuit,Albert Park Grand Prix Circuit,-37.8497,144.968,Melbourne,Australia,2022-04-10,05:00:00Z,2022-04-08,2022-04-08,2022-04-09,2022-04-09,,03:00:00Z,06:00:00Z,03:00:00Z,06:00:00Z,,,,,
2022,4,https://en.wikipedia.org/wiki/2022_Emilia_Romagna_Grand_Prix,Emilia Romagna Grand Prix,imola,https://en.wikipedia.org/wiki/Imola_Circuit,Autodromo Enzo e Dino Ferrari,44.3439,11.7167,Imola,Italy,2022-04-24,13:00:00Z,2022-04-22,2022-04-23,,2022-04-22,2022-04-23,11:30:00Z,10:30:00Z,,15:00:00Z,14:30:00Z,,,,
2022,5,https://en.wikipedia.org/wiki/2022_Miami_Grand_Prix,Miami Grand Prix,miami,https://en.wikipedia.org/wiki/Miami_International_Autodrome,Miami International Autodrome,25.9581,-80.2389,Miami,USA,2022-05-08,19:30:00Z,2022-05-06,2022-05-06,2022-05-07,2022-05-07,,18:30:00Z,21:30:00Z,17:00:00Z,20:00:00Z,,,,,
2022,6,https://en.wikipedia.org/wiki/2022_Spanish_Grand_Prix,Spanish Grand Prix,catalunya,https://en.wikipedia.org/wiki/Circuit_de_Barcelona-Catalunya,Circuit de Barcelona-Catalunya,41.57,2.26111,Barcelona,Spain,2022-05-22,13:00:00Z,2022-05-20,2022-05-20,2022-05-21,2022-05-21,,12:00:00Z,15:00:00Z,11:00:00Z,14:00:00Z,,,,,
2022,7,https://en.wikipedia.org/wiki/2022_Monaco_Grand_Prix,Monaco Grand Prix,monaco,https://en.wikipedia.org/wiki/Circuit_de_Monaco,Circuit de Monaco,43.7347,7.42056,Monte Carlo,Monaco,2022-05-29,13:00:00Z,2022-05-27,2022-05-27,2022-05-28,2022-05-28,,12:00:00Z,15:00:00Z,11:00:00Z,14:00:00Z,,,,,
2022,8,https://en.wikipedia.org/wiki/2022_Azerbaijan_Grand_Prix,Azerbaijan Grand Prix,baku,https://en.wikipedia.org/wiki/Baku_City_Circuit,Baku City Circuit,40.3725,49.8533,Baku,Azerbaijan,2022-06-12,11:00:00Z,2022-06-10,2022-06-10,2022-06-11,2022-06-11,,11:00:00Z,14:00:00Z,11:00:00Z,14:00:00Z,,,,,
2022,9,https://en.wikipedia.org/wiki/2022_Canadian_Grand_Prix,Canadian Grand Prix,villeneuve,https://en.wikipedia.org/wiki/Circuit_Gilles_Villeneuve,Circuit Gilles Villeneuve,45.5,-73.5228,Montreal,Canada,2022-06-19,18:00:00Z,2022-06-17,2022-06-17,2022-06-18,2022-06-18,,18:00:00Z,21:00:00Z,17:00:00Z,20:00:00Z,,,,,
2022,10,https://en.wikipedia.org/wiki/2022_British_Grand_Prix,British Grand Prix,silverstone,https://en.wikipedia.org/wiki/Silverstone_Circuit,Silverstone Circuit,52.0786,-1.01694,Silverstone,UK,2022-07-03,14:00:00Z,2022-07-01,2022-07-01,2022-07-02,2022-07-02,,12:00:00Z,15:00:00Z,11:00:00Z,14:00:00Z,,,,,
2022,11,https://en.wikipedia.org/wiki/2022_Austrian_Grand_Prix,Austrian Grand Prix,red_bull_ring,https://en.wikipedia.org/wiki/Red_Bull_Ring,Red Bull Ring,47.2197,14.7647,Spielberg,Austria,2022-07-10,13:00:00Z,2022-07-08,2022-07-09,,2022-07-08,2022-07-09,11:30:00Z,10:30:00Z,,15:00:00Z,14:30:00Z,,,,
2022,12,https://en.wikipedia.org/wiki/2022_French_Grand_Prix,French Grand Prix,ricard,https://en.wikipedia.org/wiki/Circuit_Paul_Ricard,Circuit Paul Ricard,43.2506,5.79167,Le Castellet,France,2022-07-24,13:00:00Z,2022-07-22,2022-07-22,2022-07-23,2022-07-23,,12:00:00Z,15:00:00Z,11:00:00Z,14:00:00Z,,,,,
2022,13,https://en.wikipedia.org/wiki/2022_Hungarian_Grand_Prix,Hungarian Grand Prix,hungaroring,https://en.wikipedia.org/wiki/Hungaroring,Hungaroring,47.5789,19.2486,Budapest,Hungary,2022-07-31,13:00:00Z,2022-07-29,2022-07-29,2022-07-30,2022-07-30,,12:00:00Z,15:00:00Z,11:00:00Z,14:00:00Z,,,,,
2022,14,https://en.wikipedia.org/wiki/2022_Belgian_Grand_Prix,Belgian Grand Prix,spa,https://en.wikipedia.org/wiki/Circuit_de_Spa-Francorchamps,Circuit de Spa-Francorchamps,50.4372,5.97139,Spa,Belgium,2022-08-28,13:00:00Z,2022-08-26,2022-08-26,2022-08-27,2022-08-27,,12:00:00Z,15:00:00Z,11:00:00Z,14:00:00Z,,,,,
2022,15,https://en.wikipedia.org/wiki/2022_Dutch_Grand_Prix,Dutch Grand Prix,zandvoort,https://en.wikipedia.org/wiki/Circuit_Zandvoort,Circuit Park Zandvoort,52.3888,4.54092,Zandvoort,Netherlands,2022-09-04,13:00:00Z,2022-09-02,2022-09-02,2022-09-03,2022-09-03,,10:30:00Z,14:00:00Z,10:00:00Z,13:00:00Z,,,,,
2022,16,https://en.wikipedia.org/wiki/2022_Italian_Grand_Prix,Italian Grand Prix,monza,https://en.wikipedia.org/wiki/Monza_Circuit,Autodromo Nazionale di Monza,45.6156,9.28111,Monza,Italy,2022-09-11,13:00:00Z,2022-09-09,2022-09-09,2022-09-10,2022-09-10,,12:00:00Z,15:00:00Z,11:00:00Z,14:00:00Z,,,,,
2022,17,https://en.wikipedia.org/wiki/2022_Singapore_Grand_Prix,Singapore Grand Prix,marina_bay,https://en.wikipedia.org/wiki/Marina_Bay_Street_Circuit,Marina Bay Street Circuit,1.2914,103.864,Marina Bay,Singapore,2022-10-02,12:00:00Z,2022-09-30,2022-09-30,2022-10-01,2022-10-01,,10:00:00Z,13:00:00Z,10:00:00Z,13:00:00Z,,,,,
2022,18,https://en.wikipedia.org/wiki/2022_Japanese_Grand_Prix,Japanese Grand Prix,suzuka,https://en.wikipedia.org/wiki/Suzuka_International_Racing_Course,Suzuka Circuit,34.8431,136.541,Suzuka,Japan,2022-10-09,05:00:00Z,2022-10-07,2022-10-07,2022-10-08,2022-10-08,,03:00:00Z,06:00:00Z,03:00:00Z,06:00:00Z,,,,,
2022,19,https://en.wikipedia.org/wiki/2022_United_States_Grand_Prix,United States Grand Prix,americas,https://en.wikipedia.org/wiki/Circuit_of_the_Americas,Circuit of the Americas,30.1328,-97.6411,Austin,USA,2022-10-23,19:00:00Z,2022-10-21,2022-10-21,2022-10-22,2022-10-22,,19:00:00Z,22:00:00Z,19:00:00Z,22:00:00Z,,,,,
2022,20,https://en.wikipedia.org/wiki/2022_Mexico_City_Grand_Prix,Mexico City Grand Prix,rodriguez,https://en.wikipedia.org/wiki/Aut%C3%B3dromo_Hermanos_Rodr%C3%ADguez,Autódromo Hermanos Rodríguez,19.4042,-99.0907,Mexico City,Mexico,2022-10-30,20:00:00Z,2022-10-28,2022-10-28,2022-10-29,2022-10-29,,18:00:00Z,21:00:00Z,17:00:00Z,20:00:00Z,,,,,
2022,21,https://en.wikipedia.org/wiki/2022_São_Paulo_Grand_Prix,São Paulo Grand Prix,interlagos,https://en.wikipedia.org/wiki/Interlagos_Circuit,Autódromo José Carlos Pace,-23.7036,-46.6997,São Paulo,Brazil,2022-11-13,18:00:00Z,2022-11-11,2022-11-12,,2022-11-11,2022-11-12,15:30:00Z,15:30:00Z,,19:00:00Z,19:30:00Z,,,,
2022,22,https://en.wikipedia.org/wiki/2022_Abu_Dhabi_Grand_Prix,Abu Dhabi Grand Prix,yas_marina,https://en.wikipedia.org/wiki/Yas_Marina_Circuit,Yas Marina Circuit,24.4672,54.6031,Abu Dhabi,UAE,2022-11-20,13:00:00Z,2022-11-18,2022-11-18,2022-11-19,2022-11-19,,10:00:00Z,13:00:00Z,11:00:00Z,14:00:00Z,,,,,
2023,1,https://en.wikipedia.org/wiki/2023_Bahrain_Grand_Prix,Bahrain Grand Prix,bahrain,https://en.wikipedia.org/wiki/Bahrain_International_Circuit,Bahrain International Circuit,26.0325,50.5106,Sakhir,Bahrain,2023-03-05,15:00:00Z,2023-03-03,2023-03-03,2023-03-04,2023-03-04,,11:30:00Z,15:00:00Z,11:30:00Z,15:00:00Z,,,,,
2023,2,https://en.wikipedia.org/wiki/2023_Saudi_Arabian_Grand_Prix,Saudi Arabian Grand Prix,jeddah,https://en.wikipedia.org/wiki/Jeddah_Corniche_Circuit,Jeddah Corniche Circuit,21.6319,39.1044,Jeddah,Saudi Arabia,2023-03-19,17:00:00Z,2023-03-17,2023-03-17,2023-03-18,2023-03-18,,13:30:00Z,17:00:00Z,13:30:00Z,17:00:00Z,,,,,
2023,3,https://en.wikipedia.org/wiki/2023_Australian_Grand_Prix,Australian Grand Prix,albert_park,https://en.wikipedia.org/wiki/Albert_Park_Circuit,Albert Park Grand Prix Circuit,-37.8497,144.968,Melbourne,Australia,2023-04-02,05:00:00Z,2023-03-31,2023-03-31,2023-04-01,2023-04-01,,01:30:00Z,05:00:00Z,01:30:00Z,05:00:00Z,,,,,
2023,4,https://en.wikipedia.org/wiki/2023_Azerbaijan_Grand_Prix,Azerbaijan Grand Prix,baku,https://en.wikipedia.org/wiki/Baku_City_Circuit,Baku City Circuit,40.3725,49.8533,Baku,Azerbaijan,2023-04-30,11:00:00Z,2023-04-28,,,2023-04-28,2023-04-29,09:30:00Z,,,13:00:00Z,13:30:00Z,2023-04-29,09:30:00Z,,
2023,5,https://en.wikipedia.org/wiki/2023_Miami_Grand_Prix,Miami Grand Prix,miami,https://en.wikipedia.org/wiki/Miami_International_Autodrome,Miami International Autodrome,25.9581,-80.2389,Miami,USA,2023-05-07,19:30:00Z,2023-05-05,2023-05-05,2023-05-06,2023-05-06,,18:00:00Z,21:30:00Z,16:30:00Z,20:00:00Z,,,,,
2023,6,https://en.wikipedia.org/wiki/2023_Monaco_Grand_Prix,Monaco Grand Prix,monaco,https://en.wikipedia.org/wiki/Circuit_de_Monaco,Circuit de Monaco,43.7347,7.42056,Monte Carlo,Monaco,2023-05-28,13:00:00Z,2023-05-26,2023-05-26,2023-05-27,2023-05-27,,11:30:00Z,15:00:00Z,10:30:00Z,14:00:00Z,,,,,
2023,7,https://en.wikipedia.org/wiki/2023_Spanish_Grand_Prix,Spanish Grand Prix,catalunya,https://en.wikipedia.org/wiki/Circuit_de_Barcelona-Catalunya,Circuit de Barcelona-Catalunya,41.57,2.26111,Barcelona,Spain,2023-06-04,13:00:00Z,2023-06-02,2023-06-02,2023-06-03,2023-06-03,,11:30:00Z,15:00:00Z,10:30:00Z,14:00:00Z,,,,,
2023,8,https://en.wikipedia.org/wiki/2023_Canadian_Grand_Prix,Canadian Grand Prix,villeneuve,https://en.wikipedia.org/wiki/Circuit_Gilles_Villeneuve,Circuit Gilles Villeneuve,45.5,-73.5228,Montreal,Canada,2023-06-18,18:00:00Z,2023-06-16,2023-06-16,2023-06-17,2023-06-17,,17:30:00Z,21:00:00Z,16:30:00Z,20:00:00Z,,,,,
2023,9,https://en.wikipedia.org/wiki/2023_Austrian_Grand_Prix,Austrian Grand Prix,red_bull_ring,https://en.wikipedia.org/wiki/Red_Bull_Ring,Red Bull Ring,47.2197,14.7647,Spielberg,Austria,2023-07-02,13:00:00Z,2023-06-30,,,2023-06-30,2023-07-01,11:30:00Z,,,15:00:00Z,14:30:00Z,2023-07-01,10:30:00Z,,
2023,10,https://en.wikipedia.org/wiki/2023_British_Grand_Prix,British Grand Prix,silverstone,https://en.wikipedia.org/wiki/Silverstone_Circuit,Silverstone Circuit,52.0786,-1.01694,Silverstone,UK,2023-07-09,14:00:00Z,2023-07-07,2023-07-07,2023-07-08,2023-07-08,,11:30:00Z,15:00:00Z,10:30:00Z,14:00:00Z,,,,,
2023,11,https://en.wikipedia.org/wiki/2023_Hungarian_Grand_Prix,Hungarian Grand Prix,hungaroring,https://en.wikipedia.org/wiki/Hungaroring,Hungaroring,47.5789,19.2486,Budapest,Hungary,2023-07-23,13:00:00Z,2023-07-21,2023-07-21,2023-07-22,2023-07-22,,11:30:00Z,15:00:00Z,10:30:00Z,14:00:00Z,,,,,
2023,12,https://en.wikipedia.org/wiki/2023_Belgian_Grand_Prix,Belgian Grand Prix,spa,https://en.wikipedia.org/wiki/Circuit_de_Spa-Francorchamps,Circuit de Spa-Francorchamps,50.4372,5.97139,Spa,Belgium,2023-07-30,13:00:00Z,2023-07-28,,,2023-07-28,2023-07-29,11:30:00Z,,,15:00:00Z,14:30:00Z,2023-07-29,10:30:00Z,,
2023,13,https://en.wikipedia.org/wiki/2023_Dutch_Grand_Prix,Dutch Grand Prix,zandvoort,https://en.wikipedia.org/wiki/Circuit_Zandvoort,Circuit Park Zandvoort,52.3888,4.54092,Zandvoort,Netherlands,2023-08-27,13:00:00Z,2023-08-25,2023-08-25,2023-08-26,2023-08-26,,10:30:00Z,14:00:00Z,09:30:00Z,13:00:00Z,,,,,
2023,14,https://en.wikipedia.org/wiki/2023_Italian_Grand_Prix,Italian Grand Prix,monza,https://en.wikipedia.org/wiki/Monza_Circuit,Autodromo Nazionale di Monza,45.6156,9.28111,Monza,Italy,2023-09-03,13:00:00Z,2023-09-01,2023-09-01,2023-09-02,2023-09-02,,11:30:00Z,15:00:00Z,10:30:00Z,14:00:00Z,,,,,
2023,15,https://en.wikipedia.org/wiki/2023_Singapore_Grand_Prix,Singapore Grand Prix,marina_bay,https://en.wikipedia.org/wiki/Marina_Bay_Street_Circuit,Marina Bay Street Circuit,1.2914,103.864,Marina Bay,Singapore,2023-09-17,12:00:00Z,2023-09-15,2023-09-15,2023-09-16,2023-09-16,,09:30:00Z,13:00:00Z,09:30:00Z,13:00:00Z,,,,,
2023,16,https://en.wikipedia.org/wiki/2023_Japanese_Grand_Prix,Japanese Grand Prix,suzuka,https://en.wikipedia.org/wiki/Suzuka_International_Racing_Course,Suzuka Circuit,34.8431,136.541,Suzuka,Japan,2023-09-24,05:00:00Z,2023-09-22,2023-09-22,2023-09-23,2023-09-23,,02:30:00Z,06:00:00Z,02:30:00Z,06:00:00Z,,,,,
2023,17,https://en.wikipedia.org/wiki/2023_Qatar_Grand_Prix,Qatar Grand Prix,losail,https://en.wikipedia.org/wiki/Lusail_International_Circuit,Losail International Circuit,25.49,51.4542,Lusail,Qatar,2023-10-08,17:00:00Z,2023-10-06,,,2023-10-06,2023-10-07,13:30:00Z,,,17:00:00Z,17:30:00Z,2023-10-07,13:00:00Z,,
2023,18,https://en.wikipedia.org/wiki/2023_United_States_Grand_Prix,United States Grand Prix,americas,https://en.wikipedia.org/wiki/Circuit_of_the_Americas,Circuit of the Americas,30.1328,-97.6411,Austin,USA,2023-10-22,19:00:00Z,2023-10-20,,,2023-10-20,2023-10-21,17:30:00Z,,,21:00:00Z,22:00:00Z,2023-10-21,18:00:00Z,,
2023,19,https://en.wikipedia.org/wiki/2023_Mexico_City_Grand_Prix,Mexico City Grand Prix,rodriguez,https://en.wikipedia.org/wiki/Aut%C3%B3dromo_Hermanos_Rodr%C3%ADguez,Autódromo Hermanos Rodríguez,19.4042,-99.0907,Mexico City,Mexico,2023-10-29,20:00:00Z,2023-10-27,2023-10-27,2023-10-28,2023-10-28,,18:30:00Z,22:00:00Z,17:30:00Z,21:00:00Z,,,,,
2023,20,https://en.wikipedia.org/wiki/2023_S%C3%A3o_Paulo_Grand_Prix,São Paulo Grand Prix,interlagos,https://en.wikipedia.org/wiki/Interlagos_Circuit,Autódromo José Carlos Pace,-23.7036,-46.6997,São Paulo,Brazil,2023-11-05,17:00:00Z,2023-11-03,,,2023-11-03,2023-11-04,14:30:00Z,,,18:00:00Z,18:30:00Z,2023-11-04,14:30:00Z,,
2023,21,https://en.wikipedia.org/wiki/2023_Las_Vegas_Grand_Prix,Las Vegas Grand Prix,vegas,https://en.wikipedia.org/wiki/Las_Vegas_Grand_Prix#Circuit,Las Vegas Strip Street Circuit,36.1147,-115.173,Las Vegas,USA,2023-11-19,06:00:00Z,2023-11-16,2023-11-16,2023-11-17,2023-11-17,,04:30:00Z,08:00:00Z,04:30:00Z,08:00:00Z,,,,,
2023,22,https://en.wikipedia.org/wiki/2023_Abu_Dhabi_Grand_Prix,Abu Dhabi Grand Prix,yas_marina,https://en.wikipedia.org/wiki/Yas_Marina_Circuit,Yas Marina Circuit,24.4672,54.6031,Abu Dhabi,UAE,2023-11-26,13:00:00Z,2023-11-24,2023-11-24,2023-11-25,2023-11-25,,09:30:00Z,13:00:00Z,10:30:00Z,14:00:00Z,,,,,
2024,1,https://en.wikipedia.org/wiki/2024_Bahrain_Grand_Prix,Bahrain Grand Prix,bahrain,https://en.wikipedia.org/wiki/Bahrain_International_Circuit,Bahrain International Circuit,26.0325,50.5106,Sakhir,Bahrain,2024-03-02,15:00:00Z,2024-02-29,2024-02-29,2024-03-01,2024-03-01,,11:30:00Z,15:00:00Z,12:30:00Z,16:00:00Z,,,,,
2024,2,https://en.wikipedia.org/wiki/2024_Saudi_Arabian_Grand_Prix,Saudi Arabian Grand Prix,jeddah,https://en.wikipedia.org/wiki/Jeddah_Corniche_Circuit,Jeddah Corniche Circuit,21.6319,39.1044,Jeddah,Saudi Arabia,2024-03-09,17:00:00Z,2024-03-07,2024-03-07,2024-03-08,2024-03-08,,13:30:00Z,17:00:00Z,13:30:00Z,17:00:00Z,,,,,
2024,3,https://en.wikipedia.org/wiki/2024_Australian_Grand_Prix,Australian Grand Prix,albert_park,https://en.wikipedia.org/wiki/Albert_Park_Circuit,Albert Park Grand Prix Circuit,-37.8497,144.968,Melbourne,Australia,2024-03-24,04:00:00Z,2024-03-22,2024-03-22,2024-03-23,2024-03-23,,01:30:00Z,05:00:00Z,01:30:00Z,05:00:00Z,,,,,
2024,4,https://en.wikipedia.org/wiki/2024_Japanese_Grand_Prix,Japanese Grand Prix,suzuka,https://en.wikipedia.org/wiki/Suzuka_International_Racing_Course,Suzuka Circuit,34.8431,136.541,Suzuka,Japan,2024-04-07,05:00:00Z,2024-04-05,2024-04-05,2024-04-06,2024-04-06,,02:30:00Z,06:00:00Z,02:30:00Z,06:00:00Z,,,,,
2024,5,https://en.wikipedia.org/wiki/2024_Chinese_Grand_Prix,Chinese Grand Prix,shanghai,https://en.wikipedia.org/wiki/Shanghai_International_Circuit,Shanghai International Circuit,31.3389,121.22,Shanghai,China,2024-04-21,07:00:00Z,2024-04-19,,,2024-04-20,2024-04-20,03:30:00Z,,,07:00:00Z,03:00:00Z,,,2024-04-19,07:30:00Z
2024,6,https://en.wikipedia.org/wiki/2024_Miami_Grand_Prix,Miami Grand Prix,miami,https://en.wikipedia.org/wiki/Miami_International_Autodrome,Miami International Autodrome,25.9581,-80.2389,Miami,USA,2024-05-05,20:00:00Z,2024-05-03,,,2024-05-04,2024-05-04,16:30:00Z,,,20:00:00Z,16:00:00Z,,,2024-05-03,20:30:00Z
2024,7,https://en.wikipedia.org/wiki/2024_Emilia_Romagna_Grand_Prix,Emilia Romagna Grand Prix,imola,https://en.wikipedia.org/wiki/Imola_Circuit,Autodromo Enzo e Dino Ferrari,44.3439,11.7167,Imola,Italy,2024-05-19,13:00:00Z,2024-05-17,2024-05-17,2024-05-18,2024-05-18,,11:30:00Z,15:00:00Z,10:30:00Z,14:00:00Z,,,,,
2024,8,https://en.wikipedia.org/wiki/2024_Monaco_Grand_Prix,Monaco Grand Prix,monaco,https://en.wikipedia.org/wiki/Circuit_de_Monaco,Circuit de Monaco,43.7347,7.42056,Monte Carlo,Monaco,2024-05-26,13:00:00Z,2024-05-24,2024-05-24,2024-05-25,2024-05-25,,11:30:00Z,15:00:00Z,10:30:00Z,14:00:00Z,,,,,
2024,9,https://en.wikipedia.org/wiki/2024_Canadian_Grand_Prix,Canadian Grand Prix,villeneuve,https://en.wikipedia.org/wiki/Circuit_Gilles_Villeneuve,Circuit Gilles Villeneuve,45.5,-73.5228,Montreal,Canada,2024-06-09,18:00:00Z,2024-06-07,2024-06-07,2024-06-08,2024-06-08,,17:30:00Z,21:00:00Z,16:30:00Z,20:00:00Z,,,,,
2024,10,https://en.wikipedia.org/wiki/2024_Spanish_Grand_Prix,Spanish Grand Prix,catalunya,https://en.wikipedia.org/wiki/Circuit_de_Barcelona-Catalunya,Circuit de Barcelona-Catalunya,41.57,2.26111,Barcelona,Spain,2024-06-23,13:00:00Z,2024-06-21,2024-06-21,2024-06-22,2024-06-22,,11:30:00Z,15:00:00Z,10:30:00Z,14:00:00Z,,,,,
2024,11,https://en.wikipedia.org/wiki/2024_Austrian_Grand_Prix,Austrian Grand Prix,red_bull_ring,https://en.wikipedia.org/wiki/Red_Bull_Ring,Red Bull Ring,47.2197,14.7647,Spielberg,Austria,2024-06-30,13:00:00Z,2024-06-28,,,2024-06-29,2024-06-29,10:30:00Z,,,14:00:00Z,10:00:00Z,,,2024-06-28,14:30:00Z
2024,12,https://en.wikipedia.org/wiki/2024_British_Grand_Prix,British Grand Prix,silverstone,https://en.wikipedia.org/wiki/Silverstone_Circuit,Silverstone Circuit,52.0786,-1.01694,Silverstone,UK,2024-07-07,14:00:00Z,2024-07-05,2024-07-05,2024-07-06,2024-07-06,,11:30:00Z,15:00:00Z,10:30:00Z,14:00:00Z,,,,,
2024,13,https://en.wikipedia.org/wiki/2024_Hungarian_Grand_Prix,Hungarian Grand Prix,hungaroring,https://en.wikipedia.org/wiki/Hungaroring,Hungaroring,47.5789,19.2486,Budapest,Hungary,2024-07-21,13:00:00Z,2024-07-19,2024-07-19,2024-07-20,2024-07-20,,11:30:00Z,15:00:00Z,10:30:00Z,14:00:00Z,,,,,
2024,14,https://en.wikipedia.org/wiki/2024_Belgian_Grand_Prix,Belgian Grand Prix,spa,https://en.wikipedia.org/wiki/Circuit_de_Spa-Francorchamps,Circuit de Spa-Francorchamps,50.4372,5.97139,Spa,Belgium,2024-07-28,13:00:00Z,2024-07-26,2024-07-26,2024-07-27,2024-07-27,,11:30:00Z,15:00:00Z,10:30:00Z,14:00:00Z,,,,,
2024,15,https://en.wikipedia.org/wiki/2024_Dutch_Grand_Prix,Dutch Grand Prix,zandvoort,https://en.wikipedia.org/wiki/Circuit_Zandvoort,Circuit Park Zandvoort,52.3888,4.54092,Zandvoort,Netherlands,2024-08-25,13:00:00Z,2024-08-23,2024-08-23,2024-08-24,2024-08-24,,10:30:00Z,14:00:00Z,09:30:00Z,13:00:00Z,,,,,
2024,16,https://en.wikipedia.org/wiki/2024_Italian_Grand_Prix,Italian Grand Prix,monza,https://en.wikipedia.org/wiki/Monza_Circuit,Autodromo Nazionale di Monza,45.6156,9.28111,Monza,Italy,2024-09-01,13:00:00Z,2024-08-30,2024-08-30,2024-08-31,2024-08-31,,11:30:00Z,15:00:00Z,10:30:00Z,14:00:00Z,,,,,
2024,17,https://en.wikipedia.org/wiki/2024_Azerbaijan_Grand_Prix,Azerbaijan Grand Prix,baku,https://en.wikipedia.org/wiki/Baku_City_Circuit,Baku City Circuit,40.3725,49.8533,Baku,Azerbaijan,2024-09-15,11:00:00Z,2024-09-13,2024-09-13,2024-09-14,2024-09-14,,09:30:00Z,13:00:00Z,08:30:00Z,12:00:00Z,,,,,
2024,18,https://en.wikipedia.org/wiki/2024_Singapore_Grand_Prix,Singapore Grand Prix,marina_bay,https://en.wikipedia.org/wiki/Marina_Bay_Street_Circuit,Marina Bay Street Circuit,1.2914,103.864,Marina Bay,Singapore,2024-09-22,12:00:00Z,2024-09-20,2024-09-20,2024-09-21,2024-09-21,,09:30:00Z,13:00:00Z,09:30:00Z,13:00:00Z,,,,,
2024,19,https://en.wikipedia.org/wiki/2024_United_States_Grand_Prix,United States Grand Prix,americas,https://en.wikipedia.org/wiki/Circuit_of_the_Americas,Circuit of the Americas,30.1328,-97.6411,Austin,USA,2024-10-20,19:00:00Z,2024-10-18,,,2024-10-19,2024-10-19,17:30:00Z,,,22:00:00Z,18:00:00Z,,,2024-10-18,21:30:00Z
2024,20,https://en.wikipedia.org/wiki/2024_Mexico_City_Grand_Prix,Mexico City Grand Prix,rodriguez,https://en.wikipedia.org/wiki/Aut%C3%B3dromo_Hermanos_Rodr%C3%ADguez,Autódromo Hermanos Rodríguez,19.4042,-99.0907,Mexico City,Mexico,2024-10-27,20:00:00Z,2024-10-25,2024-10-25,2024-10-26,2024-10-26,,18:30:00Z,22:00:00Z,17:30:00Z,21:00:00Z,,,,,
2024,21,https://en.wikipedia.org/wiki/2024_S%C3%A3o_Paulo_Grand_Prix,São Paulo Grand Prix,interlagos,https://en.wikipedia.org/wiki/Interlagos_Circuit,Autódromo José Carlos Pace,-23.7036,-46.6997,São Paulo,Brazil,2024-11-03,17:00:00Z,2024-11-01,,,2024-11-02,2024-11-02,14:30:00Z,,,18:00:00Z,14:00:00Z,,,2024-11-01,18:30:00Z
2024,22,https://en.wikipedia.org/wiki/2024_Las_Vegas_Grand_Prix,Las Vegas Grand Prix,vegas,https://en.wikipedia.org/wiki/Las_Vegas_Grand_Prix#Circuit,Las Vegas Strip Street Circuit,36.1147,-115.173,Las Vegas,USA,2024-11-23,06:00:00Z,2024-11-21,2024-11-21,2024-11-22,2024-11-22,,02:30:00Z,06:00:00Z,02:30:00Z,06:00:00Z,,,,,
2024,23,https://en.wikipedia.org/wiki/2024_Qatar_Grand_Prix,Qatar Grand Prix,losail,https://en.wikipedia.org/wiki/Lusail_International_Circuit,Losail International Circuit,25.49,51.4542,Lusail,Qatar,2024-12-01,16:00:00Z,2024-11-29,,,2024-11-30,2024-11-30,13:30:00Z,,,18:00:00Z,14:00:00Z,,,2024-11-29,17:30:00Z
2024,24,https://en.wikipedia.org/wiki/2024_Abu_Dhabi_Grand_Prix,Abu Dhabi Grand Prix,yas_marina,https://en.wikipedia.org/wiki/Yas_Marina_Circuit,Yas Marina Circuit,24.4672,54.6031,Abu Dhabi,UAE,2024-12-08,13:00:00Z,2024-12-06,2024-12-06,2024-12-07,2024-12-07,,09:30:00Z,13:00:00Z,10:30:00Z,14:00:00Z,,,,,
2025,1,https://en.wikipedia.org/wiki/2025_Australian_Grand_Prix,Australian Grand Prix,albert_park,https://en.wikipedia.org/wiki/Albert_Park_Circuit,Albert Park Grand Prix Circuit,-37.8497,144.968,Melbourne,Australia,2025-03-16,04:00:00Z,2025-03-14,2025-03-14,2025-03-15,2025-03-15,,01:30:00Z,05:00:00Z,01:30:00Z,05:00:00Z,,,,,
2025,2,https://en.wikipedia.org/wiki/2025_Chinese_Grand_Prix,Chinese Grand Prix,shanghai,https://en.wikipedia.org/wiki/Shanghai_International_Circuit,Shanghai International Circuit,31.3389,121.22,Shanghai,China,2025-03-23,07:00:00Z,2025-03-21,,,2025-03-22,2025-03-22,03:30:00Z,,,07:00:00Z,03:00:00Z,,,2025-03-21,07:30:00Z
2025,3,https://en.wikipedia.org/wiki/2025_Japanese_Grand_Prix,Japanese Grand Prix,suzuka,https://en.wikipedia.org/wiki/Suzuka_International_Racing_Course,Suzuka Circuit,34.8431,136.541,Suzuka,Japan,2025-04-06,05:00:00Z,2025-04-04,2025-04-04,2025-04-05,2025-04-05,,02:30:00Z,06:00:00Z,02:30:00Z,06:00:00Z,,,,,
2025,4,https://en.wikipedia.org/wiki/2025_Bahrain_Grand_Prix,Bahrain Grand Prix,bahrain,https://en.wikipedia.org/wiki/Bahrain_International_Circuit,Bahrain International Circuit,26.0325,50.5106,Sakhir,Bahrain,2025-04-13,15:00:00Z,2025-04-11,2025-04-11,2025-04-12,2025-04-12,,11:30:00Z,15:00:00Z,12:30:00Z,16:00:00Z,,,,,
2025,5,https://en.wikipedia.org/wiki/2025_Saudi_Arabian_Grand_Prix,Saudi Arabian Grand Prix,jeddah,https://en.wikipedia.org/wiki/Jeddah_Corniche_Circuit,Jeddah Corniche Circuit,21.6319,39.1044,Jeddah,Saudi Arabia,2025-04-20,17:00:00Z,2025-04-18,2025-04-18,2025-04-19,2025-04-19,,13:30:00Z,17:00:00Z,13:30:00Z,17:00:00Z,,,,,
2025,6,https://en.wikipedia.org/wiki/2025_Miami_Grand_Prix,Miami Grand Prix,miami,https://en.wikipedia.org/wiki/Miami_International_Autodrome,Miami International Autodrome,25.9581,-80.2389,Miami,USA,2025-05-04,20:00:00Z,2025-05-02,,,2025-05-03,2025-05-03,16:30:00Z,,,20:00:00Z,16:00:00Z,,,2025-05-02,20:30:00Z
2025,7,https://en.wikipedia.org/wiki/2025_Emilia_Romagna_Grand_Prix,Emilia Romagna Grand Prix,imola,https://en.wikipedia.org/wiki/Imola_Circuit,Autodromo Enzo e Dino Ferrari,44.3439,11.7167,Imola,Italy,2025-05-18,13:00:00Z,2025-05-16,2025-05-16,2025-05-17,2025-05-17,,11:30:00Z,15:00:00Z,10:30:00Z,14:00:00Z,,,,,
2025,8,https://en.wikipedia.org/wiki/2025_Monaco_Grand_Prix,Monaco Grand Prix,monaco,https://en.wikipedia.org/wiki/Circuit_de_Monaco,Circuit de Monaco,43.7347,7.42056,Monte Carlo,Monaco,2025-05-25,13:00:00Z,2025-05-23,2025-05-23,2025-05-24,2025-05-24,,11:30:00Z,15:00:00Z,10:30:00Z,14:00:00Z,,,,,
2025,9,https://en.wikipedia.org/wiki/2025_Spanish_Grand_Prix,Spanish Grand Prix,catalunya,https://en.wikipedia.org/wiki/Circuit_de_Barcelona-Catalunya,Circuit de Barcelona-Catalunya,41.57,2.26111,Barcelona,Spain,2025-06-01,13:00:00Z,2025-05-30,2025-05-30,2025-05-31,2025-05-31,,11:30:00Z,15:00:00Z,10:30:00Z,14:00:00Z,,,,,
2025,10,https://en.wikipedia.org/wiki/2025_Canadian_Grand_Prix,Canadian Grand Prix,villeneuve,https://en.wikipedia.org/wiki/Circuit_Gilles_Villeneuve,Circuit Gilles Villeneuve,45.5,-73.5228,Montreal,Canada,2025-06-15,18:00:00Z,2025-06-13,2025-06-13,2025-06-14,2025-06-14,,17:30:00Z,21:00:00Z,16:30:00Z,20:00:00Z,,,,,
2025,11,https://en.wikipedia.org/wiki/2025_Austrian_Grand_Prix,Austrian Grand Prix,red_bull_ring,https://en.wikipedia.org/wiki/Red_Bull_Ring,Red Bull Ring,47.2197,14.7647,Spielberg,Austria,2025-06-29,13:00:00Z,2025-06-27,2025-06-27,2025-06-28,2025-06-28,,11:30:00Z,15:00:00Z,10:30:00Z,14:00:00Z,,,,,
2025,12,https://en.wikipedia.org/wiki/2025_British_Grand_Prix,British Grand Prix,silverstone,https://en.wikipedia.org/wiki/Silverstone_Circuit,Silverstone Circuit,52.0786,-1.01694,Silverstone,UK,2025-07-06,14:00:00Z,2025-07-04,2025-07-04,2025-07-05,2025-07-05,,11:30:00Z,15:00:00Z,10:30:00Z,14:00:00Z,,,,,
2025,13,https://en.wikipedia.org/wiki/2025_Belgian_Grand_Prix,Belgian Grand Prix,spa,https://en.wikipedia.org/wiki/Circuit_de_Spa-Francorchamps,Circuit de Spa-Francorchamps,50.4372,5.97139,Spa,Belgium,2025-07-27,13:00:00Z,2025-07-25,,,2025-07-26,2025-07-26,10:30:00Z,,,14:00:00Z,10:00:00Z,,,2025-07-25,14:30:00Z
2025,14,https://en.wikipedia.org/wiki/2025_Hungarian_Grand_Prix,Hungarian Grand Prix,hungaroring,https://en.wikipedia.org/wiki/Hungaroring,Hungaroring,47.5789,19.2486,Budapest,Hungary,2025-08-03,13:00:00Z,2025-08-01,2025-08-01,2025-08-02,2025-08-02,,11:30:00Z,15:00:00Z,10:30:00Z,14:00:00Z,,,,,
2025,15,https://en.wikipedia.org/wiki/2025_Dutch_Grand_Prix,Dutch Grand Prix,zandvoort,https://en.wikipedia.org/wiki/Circuit_Zandvoort,Circuit Park Zandvoort,52.3888,4.54092,Zandvoort,Netherlands,2025-08-31,13:00:00Z,2025-08-29,2025-08-29,2025-08-30,2025-08-30,,10:30:00Z,14:00:00Z,09:30:00Z,13:00:00Z,,,,,
2025,16,https://en.wikipedia.org/wiki/2025_Italian_Grand_Prix,Italian Grand Prix,monza,https://en.wikipedia.org/wiki/Monza_Circuit,Autodromo Nazionale di Monza,45.6156,9.28111,Monza,Italy,2025-09-07,13:00:00Z,2025-09-05,2025-09-05,2025-09-06,2025-09-06,,11:30:00Z,15:00:00Z,10:30:00Z,14:00:00Z,,,,,
2025,17,https://en.wikipedia.org/wiki/2025_Azerbaijan_Grand_Prix,Azerbaijan Grand Prix,baku,https://en.wikipedia.org/wiki/Baku_City_Circuit,Baku City Circuit,40.3725,49.8533,Baku,Azerbaijan,2025-09-21,11:00:00Z,2025-09-19,2025-09-19,2025-09-20,2025-09-20,,08:30:00Z,12:00:00Z,08:30:00Z,12:00:00Z,,,,,
2025,18,https://en.wikipedia.org/wiki/2025_Singapore_Grand_Prix,Singapore Grand Prix,marina_bay,https://en.wikipedia.org/wiki/Marina_Bay_Street_Circuit,Marina Bay Street Circuit,1.2914,103.864,Marina Bay,Singapore,2025-10-05,12:00:00Z,2025-10-03,2025-10-03,2025-10-04,2025-10-04,,09:30:00Z,13:00:00Z,09:30:00Z,13:00:00Z,,,,,
2025,19,https://en.wikipedia.org/wiki/2025_United_States_Grand_Prix,United States Grand Prix,americas,https://en.wikipedia.org/wiki/Circuit_of_the_Americas,Circuit of the Americas,30.1328,-97.6411,Austin,USA,2025-10-19,19:00:00Z,2025-10-17,,,2025-10-18,2025-10-18,17:30:00Z,,,21:00:00Z,17:00:00Z,,,2025-10-17,21:30:00Z
2025,20,https://en.wikipedia.org/wiki/2025_Mexico_City_Grand_Prix,Mexico City Grand Prix,rodriguez,https://en.wikipedia.org/wiki/Aut%C3%B3dromo_Hermanos_Rodr%C3%ADguez,Autódromo Hermanos Rodríguez,19.4042,-99.0907,Mexico City,Mexico,2025-10-26,20:00:00Z,2025-10-24,2025-10-24,2025-10-25,2025-10-25,,18:30:00Z,22:00:00Z,17:30:00Z,21:00:00Z,,,,,
2025,21,https://en.wikipedia.org/wiki/2025_S%C3%A3o_Paulo_Grand_Prix,São Paulo Grand Prix,interlagos,https://en.wikipedia.org/wiki/Interlagos_Circuit,Autódromo José Carlos Pace,-23.7036,-46.6997,São Paulo,Brazil,2025-11-09,17:00:00Z,2025-11-07,,,2025-11-08,2025-11-08,14:30:00Z,,,18:00:00Z,14:00:00Z,,,2025-11-07,18:30:00Z
2025,22,https://en.wikipedia.org/wiki/2025_Las_Vegas_Grand_Prix,Las Vegas Grand Prix,vegas,https://en.wikipedia.org/wiki/Las_Vegas_Grand_Prix#Circuit,Las Vegas Strip Street Circuit,36.1147,-115.173,Las Vegas,USA,2025-11-23,04:00:00Z,2025-11-21,2025-11-21,2025-11-22,2025-11-22,,00:30:00Z,04:00:00Z,00:30:00Z,04:00:00Z,,,,,
2025,23,https://en.wikipedia.org/wiki/2025_Qatar_Grand_Prix,Qatar Grand Prix,losail,https://en.wikipedia.org/wiki/Lusail_International_Circuit,Losail International Circuit,25.49,51.4542,Lusail,Qatar,2025-11-30,16:00:00Z,2025-11-28,,,2025-11-29,2025-11-29,13:30:00Z,,,18:00:00Z,14:00:00Z,,,2025-11-28,17:30:00Z
2025,24,https://en.wikipedia.org/wiki/2025_Abu_Dhabi_Grand_Prix,Abu Dhabi Grand Prix,yas_marina,https://en.wikipedia.org/wiki/Yas_Marina_Circuit,Yas Marina Circuit,24.4672,54.6031,Abu Dhabi,UAE,2025-12-07,13:00:00Z,2025-12-05,2025-12-05,2025-12-06,2025-12-06,,09:30:00Z,13:00:00Z,10:30:00Z,14:00:00Z,,,,,
