season,round,url,raceName,Circuit_circuitId,Circuit_url,Circuit_circuitName,Circuit_Location_lat,Circuit_Location_long,Circuit_Location_locality,Circuit_Location_country,date,time,number,position,positionText,points,Driver_driverId,Driver_permanentNumber,Driver_code,Driver_url,Driver_givenName,Driver_familyName,Driver_dateOfBirth,Driver_nationality,Constructor_constructorId,Constructor_url,Constructor_name,Constructor_nationality,grid,laps,status,Time_millis,Time_time,FastestLap_lap,FastestLap_Time_time,FastestLap_rank
2021,10,https://en.wikipedia.org/wiki/2021_British_Grand_Prix,British Grand Prix,silverstone,https://en.wikipedia.org/wiki/Silverstone_Circuit,Silverstone Circuit,52.0786,-1.01694,Silverstone,UK,2021-07-18,14:00:00Z,33,1,1,3,max_verstappen,3,VER,http://en.wikipedia.org/wiki/Max_Verstappen,Max,Verstappen,1997-09-30,Dutch,red_bull,http://en.wikipedia.org/wiki/Red_Bull_Racing,Red Bull,Austrian,2,17,Finished,1538426,25:38.426,14,1:30.013,
2021,10,https://en.wikipedia.org/wiki/2021_British_Grand_Prix,British Grand Prix,silverstone,https://en.wikipedia.org/wiki/Silverstone_Circuit,Silverstone Circuit,52.0786,-1.01694,Silverstone,UK,2021-07-18,14:00:00Z,44,2,2,2,hamilton,44,HAM,http://en.wikipedia.org/wiki/Lewis_Hamilton,Lewis,Hamilton,1985-01-07,British,mercedes,http://en.wikipedia.org/wiki/Mercedes-Benz_in_Formula_One,Mercedes,German,1,17,Finished,1539856,+1.430,17,1:29.937,
2021,10,https://en.wikipedia.org/wiki/2021_British_Grand_Prix,British Grand Prix,silverstone,https://en.wikipedia.org/wiki/Silverstone_Circuit,Silverstone Circuit,52.0786,-1.01694,Silverstone,UK,2021-07-18,14:00:00Z,77,3,3,1,bottas,77,BOT,http://en.wikipedia.org/wiki/Valtteri_Bottas,Valtteri,Bottas,1989-08-28,Finnish,mercedes,http://en.wikipedia.org/wiki/Mercedes-Benz_in_Formula_One,Mercedes,German,3,17,Finished,1545928,+7.502,17,1:29.958,
2021,10,https://en.wikipedia.org/wiki/2021_British_Grand_Prix,British Grand Prix,silverstone,https://en.wikipedia.org/wiki/Silverstone_Circuit,Silverstone Circuit,52.0786,-1.01694,Silverstone,UK,2021-07-18,14:00:00Z,16,4,4,0,leclerc,16,LEC,http://en.wikipedia.org/wiki/Charles_Leclerc,Charles,Leclerc,1997-10-16,Monegasque,ferrari,http://en.wikipedia.org/wiki/Scuderia_Ferrari,Ferrari,Italian,4,17,Finished,1549704,+11.278,16,1:30.163,
2021,10,https://en.wikipedia.org/wiki/2021_British_Grand_Prix,British Grand Prix,silverstone,https://en.wikipedia.org/wiki/Silverstone_Circuit,Silverstone Circuit,52.0786,-1.01694,Silverstone,UK,2021-07-18,14:00:00Z,4,5,5,0,norris,4,NOR,http://en.wikipedia.org/wiki/Lando_Norris,Lando,Norris,1999-11-13,British,mclaren,http://en.wikipedia.org/wiki/McLaren,McLaren,British,6,17,Finished,1562537,+24.111,16,1:30.566,
2021,10,https://en.wikipedia.org/wiki/2021_British_Grand_Prix,British Grand Prix,silverstone,https://en.wikipedia.org/wiki/Silverstone_Circuit,Silverstone Circuit,52.0786,-1.01694,Silverstone,UK,2021-07-18,14:00:00Z,3,6,6,0,ricciardo,3,RIC,http://en.wikipedia.org/wiki/Daniel_Ricciardo,Daniel,Ricciardo,1989-07-01,Australian,mclaren,http://en.wikipedia.org/wiki/McLaren,McLaren,British,7,17,Finished,1569385,+30.959,17,1:30.640,
2021,10,https://en.wikipedia.org/wiki/2021_British_Grand_Prix,British Grand Prix,silverstone,https://en.wikipedia.org/wiki/Silverstone_Circuit,Silverstone Circuit,52.0786,-1.01694,Silverstone,UK,2021-07-18,14:00:00Z,14,7,7,0,alonso,14,ALO,http://en.wikipedia.org/wiki/Fernando_Alonso,Fernando,Alonso,1981-07-29,Spanish,alpine,http://en.wikipedia.org/wiki/Alpine_F1_Team,Alpine F1 Team,French,11,17,Finished,1581953,+43.527,17,1:31.773,
2021,10,https://en.wikipedia.org/wiki/2021_British_Grand_Prix,British Grand Prix,silverstone,https://en.wikipedia.org/wiki/Silverstone_Circuit,Silverstone Circuit,52.0786,-1.01694,Silverstone,UK,2021-07-18,14:00:00Z,5,8,8,0,vettel,5,VET,http://en.wikipedia.org/wiki/Sebastian_Vettel,Sebastian,Vettel,1987-07-03,German,aston_martin,http://en.wikipedia.org/wiki/Aston_Martin_in_Formula_One,Aston Martin,British,10,17,Finished,1582865,+44.439,17,1:31.687,
2021,10,https://en.wikipedia.org/wiki/2021_British_Grand_Prix,British Grand Prix,silverstone,https://en.wikipedia.org/wiki/Silverstone_Circuit,Silverstone Circuit,52.0786,-1.01694,Silverstone,UK,2021-07-18,14:00:00Z,63,9,9,0,russell,63,RUS,http://en.wikipedia.org/wiki/George_Russell_(racing_driver),George,Russell,1998-02-15,British,williams,http://en.wikipedia.org/wiki/Williams_Grand_Prix_Engineering,Williams,British,8,17,Finished,1585078,+46.652,17,1:32.208,
2021,10,https://en.wikipedia.org/wiki/2021_British_Grand_Prix,British Grand Prix,silverstone,https://en.wikipedia.org/wiki/Silverstone_Circuit,Silverstone Circuit,52.0786,-1.01694,Silverstone,UK,2021-07-18,14:00:00Z,31,10,10,0,ocon,31,OCO,http://en.wikipedia.org/wiki/Esteban_Ocon,Esteban,Ocon,1996-09-17,French,alpine,http://en.wikipedia.org/wiki/Alpine_F1_Team,Alpine F1 Team,French,13,17,Finished,1585821,+47.395,16,1:32.183,
2021,10,https://en.wikipedia.org/wiki/2021_British_Grand_Prix,British Grand Prix,silverstone,https://en.wikipedia.org/wiki/Silverstone_Circuit,Silverstone Circuit,52.0786,-1.01694,Silverstone,UK,2021-07-18,14:00:00Z,55,11,11,0,sainz,55,SAI,http://en.wikipedia.org/wiki/Carlos_Sainz_Jr.,Carlos,Sainz,1994-09-01,Spanish,ferrari,http://en.wikipedia.org/wiki/Scuderia_Ferrari,Ferrari,Italian,9,17,Finished,1586224,+47.798,10,1:31.991,
2021,10,https://en.wikipedia.org/wiki/2021_British_Grand_Prix,British Grand Prix,silverstone,https://en.wikipedia.org/wiki/Silverstone_Circuit,Silverstone Circuit,52.0786,-1.01694,Silverstone,UK,2021-07-18,14:00:00Z,10,12,12,0,gasly,10,GAS,http://en.wikipedia.org/wiki/Pierre_Gasly,Pierre,Gasly,1996-02-07,French,alphatauri,http://en.wikipedia.org/wiki/Scuderia_AlphaTauri,AlphaTauri,Italian,12,17,Finished,1587189,+48.763,17,1:32.072,
2021,10,https://en.wikipedia.org/wiki/2021_British_Grand_Prix,British Grand Prix,silverstone,https://en.wikipedia.org/wiki/Silverstone_Circuit,Silverstone Circuit,52.0786,-1.01694,Silverstone,UK,2021-07-18,14:00:00Z,7,13,13,0,raikkonen,7,RAI,http://en.wikipedia.org/wiki/Kimi_R%C3%A4ikk%C3%B6nen,Kimi,Räikkönen,1979-10-17,Finnish,alfa,http://en.wikipedia.org/wiki/Alfa_Romeo_in_Formula_One,Alfa Romeo,Swiss,17,17,Finished,1589103,+50.677,12,1:32.139,
2021,10,https://en.wikipedia.org/wiki/2021_British_Grand_Prix,British Grand Prix,silverstone,https://en.wikipedia.org/wiki/Silverstone_Circuit,Silverstone Circuit,52.0786,-1.01694,Silverstone,UK,2021-07-18,14:00:00Z,18,14,14,0,stroll,18,STR,http://en.wikipedia.org/wiki/Lance_Stroll,Lance,Stroll,1998-10-29,Canadian,aston_martin,http://en.wikipedia.org/wiki/Aston_Martin_in_Formula_One,Aston Martin,British,15,17,Finished,1590605,+52.179,12,1:32.210,
2021,10,https://en.wikipedia.org/wiki/2021_British_Grand_Prix,British Grand Prix,silverstone,https://en.wikipedia.org/wiki/Silverstone_Circuit,Silverstone Circuit,52.0786,-1.01694,Silverstone,UK,2021-07-18,14:00:00Z,99,15,15,0,giovinazzi,99,GIO,http://en.wikipedia.org/wiki/Antonio_Giovinazzi,Antonio,Giovinazzi,1993-12-14,Italian,alfa,http://en.wikipedia.org/wiki/Alfa_Romeo_in_Formula_One,Alfa Romeo,Swiss,14,17,Finished,1591651,+53.225,14,1:32.457,
2021,10,https://en.wikipedia.org/wiki/2021_British_Grand_Prix,British Grand Prix,silverstone,https://en.wikipedia.org/wiki/Silverstone_Circuit,Silverstone Circuit,52.0786,-1.01694,Silverstone,UK,2021-07-18,14:00:00Z,22,16,16,0,tsunoda,22,TSU,http://en.wikipedia.org/wiki/Yuki_Tsunoda,Yuki,Tsunoda,2000-05-11,Japanese,alphatauri,http://en.wikipedia.org/wiki/Scuderia_AlphaTauri,AlphaTauri,Italian,16,17,Finished,1591993,+53.567,14,1:32.270,
2021,10,https://en.wikipedia.org/wiki/2021_British_Grand_Prix,British Grand Prix,silverstone,https://en.wikipedia.org/wiki/Silverstone_Circuit,Silverstone Circuit,52.0786,-1.01694,Silverstone,UK,2021-07-18,14:00:00Z,6,17,17,0,latifi,6,LAT,http://en.wikipedia.org/wiki/Nicholas_Latifi,Nicholas,Latifi,1995-06-29,Canadian,williams,http://en.wikipedia.org/wiki/Williams_Grand_Prix_Engineering,Williams,British,18,17,Finished,1593588,+55.162,17,1:32.143,
2021,10,https://en.wikipedia.org/wiki/2021_British_Grand_Prix,British Grand Prix,silverstone,https://en.wikipedia.org/wiki/Silverstone_Circuit,Silverstone Circuit,52.0786,-1.01694,Silverstone,UK,2021-07-18,14:00:00Z,47,18,18,0,mick_schumacher,47,MSC,http://en.wikipedia.org/wiki/Mick_Schumacher,Mick,Schumacher,1999-03-22,German,haas,http://en.wikipedia.org/wiki/Haas_F1_Team,Haas F1 Team,American,19,17,Finished,1606639,+1:08.213,15,1:32.567,
2021,10,https://en.wikipedia.org/wiki/2021_British_Grand_Prix,British Grand Prix,silverstone,https://en.wikipedia.org/wiki/Silverstone_Circuit,Silverstone Circuit,52.0786,-1.01694,Silverstone,UK,2021-07-18,14:00:00Z,9,19,19,0,mazepin,9,MAZ,http://en.wikipedia.org/wiki/Nikita_Mazepin,Nikita,Mazepin,1999-03-02,Russian,haas,http://en.wikipedia.org/wiki/Haas_F1_Team,Haas F1 Team,American,20,17,Finished,1616074,+1:17.648,3,1:33.462,
2021,10,https://en.wikipedia.org/wiki/2021_British_Grand_Prix,British Grand Prix,silverstone,https://en.wikipedia.org/wiki/Silverstone_Circuit,Silverstone Circuit,52.0786,-1.01694,Silverstone,UK,2021-07-18,14:00:00Z,11,20,R,0,perez,11,PER,http://en.wikipedia.org/wiki/Sergio_P%C3%A9rez,Sergio,Pérez,1990-01-26,Mexican,red_bull,http://en.wikipedia.org/wiki/Red_Bull_Racing,Red Bull,Austrian,5,16,Vibrations,,,6,1:31.465,
2021,14,https://en.wikipedia.org/wiki/2021_Italian_Grand_Prix,Italian Grand Prix,monza,https://en.wikipedia.org/wiki/Monza_Circuit,Autodromo Nazionale di Monza,45.6156,9.28111,Monza,Italy,2021-09-12,13:00:00Z,77,1,1,3,bottas,77,BOT,http://en.wikipedia.org/wiki/Valtteri_Bottas,Valtteri,Bottas,1989-08-28,Finnish,mercedes,http://en.wikipedia.org/wiki/Mercedes-Benz_in_Formula_One,Mercedes,German,1,18,Finished,1674078,27:54.078,9,1:23.540,
2021,14,https://en.wikipedia.org/wiki/2021_Italian_Grand_Prix,Italian Grand Prix,monza,https://en.wikipedia.org/wiki/Monza_Circuit,Autodromo Nazionale di Monza,45.6156,9.28111,Monza,Italy,2021-09-12,13:00:00Z,33,2,2,2,max_verstappen,3,VER,http://en.wikipedia.org/wiki/Max_Verstappen,Max,Verstappen,1997-09-30,Dutch,red_bull,http://en.wikipedia.org/wiki/Red_Bull_Racing,Red Bull,Austrian,3,18,Finished,1676403,+2.325,9,1:23.502,
2021,14,https://en.wikipedia.org/wiki/2021_Italian_Grand_Prix,Italian Grand Prix,monza,https://en.wikipedia.org/wiki/Monza_Circuit,Autodromo Nazionale di Monza,45.6156,9.28111,Monza,Italy,2021-09-12,13:00:00Z,3,3,3,1,ricciardo,3,RIC,http://en.wikipedia.org/wiki/Daniel_Ricciardo,Daniel,Ricciardo,1989-07-01,Australian,mclaren,http://en.wikipedia.org/wiki/McLaren,McLaren,British,5,18,Finished,1688612,+14.534,17,1:24.291,
2021,14,https://en.wikipedia.org/wiki/2021_Italian_Grand_Prix,Italian Grand Prix,monza,https://en.wikipedia.org/wiki/Monza_Circuit,Autodromo Nazionale di Monza,45.6156,9.28111,Monza,Italy,2021-09-12,13:00:00Z,4,4,4,0,norris,4,NOR,http://en.wikipedia.org/wiki/Lando_Norris,Lando,Norris,1999-11-13,British,mclaren,http://en.wikipedia.org/wiki/McLaren,McLaren,British,4,18,Finished,1692913,+18.835,9,1:24.554,
2021,14,https://en.wikipedia.org/wiki/2021_Italian_Grand_Prix,Italian Grand Prix,monza,https://en.wikipedia.org/wiki/Monza_Circuit,Autodromo Nazionale di Monza,45.6156,9.28111,Monza,Italy,2021-09-12,13:00:00Z,44,5,5,0,hamilton,44,HAM,http://en.wikipedia.org/wiki/Lewis_Hamilton,Lewis,Hamilton,1985-01-07,British,mercedes,http://en.wikipedia.org/wiki/Mercedes-Benz_in_Formula_One,Mercedes,German,2,18,Finished,1694089,+20.011,9,1:24.253,
2021,14,https://en.wikipedia.org/wiki/2021_Italian_Grand_Prix,Italian Grand Prix,monza,https://en.wikipedia.org/wiki/Monza_Circuit,Autodromo Nazionale di Monza,45.6156,9.28111,Monza,Italy,2021-09-12,13:00:00Z,16,6,6,0,leclerc,16,LEC,http://en.wikipedia.org/wiki/Charles_Leclerc,Charles,Leclerc,1997-10-16,Monegasque,ferrari,http://en.wikipedia.org/wiki/Scuderia_Ferrari,Ferrari,Italian,8,18,Finished,1697520,+23.442,18,1:24.677,
2021,14,https://en.wikipedia.org/wiki/2021_Italian_Grand_Prix,Italian Grand Prix,monza,https://en.wikipedia.org/wiki/Monza_Circuit,Autodromo Nazionale di Monza,45.6156,9.28111,Monza,Italy,2021-09-12,13:00:00Z,55,7,7,0,sainz,55,SAI,http://en.wikipedia.org/wiki/Carlos_Sainz_Jr.,Carlos,Sainz,1994-09-01,Spanish,ferrari,http://en.wikipedia.org/wiki/Scuderia_Ferrari,Ferrari,Italian,7,18,Finished,1702030,+27.952,8,1:24.918,
2021,14,https://en.wikipedia.org/wiki/2021_Italian_Grand_Prix,Italian Grand Prix,monza,https://en.wikipedia.org/wiki/Monza_Circuit,Autodromo Nazionale di Monza,45.6156,9.28111,Monza,Italy,2021-09-12,13:00:00Z,99,8,8,0,giovinazzi,99,GIO,http://en.wikipedia.org/wiki/Antonio_Giovinazzi,Antonio,Giovinazzi,1993-12-14,Italian,alfa,http://en.wikipedia.org/wiki/Alfa_Romeo_in_Formula_One,Alfa Romeo,Swiss,10,18,Finished,1705167,+31.089,10,1:25.126,
2021,14,https://en.wikipedia.org/wiki/2021_Italian_Grand_Prix,Italian Grand Prix,monza,https://en.wikipedia.org/wiki/Monza_Circuit,Autodromo Nazionale di Monza,45.6156,9.28111,Monza,Italy,2021-09-12,13:00:00Z,11,9,9,0,perez,11,PER,http://en.wikipedia.org/wiki/Sergio_P%C3%A9rez,Sergio,Pérez,1990-01-26,Mexican,red_bull,http://en.wikipedia.org/wiki/Red_Bull_Racing,Red Bull,Austrian,9,18,Finished,1705758,+31.680,12,1:24.211,
2021,14,https://en.wikipedia.org/wiki/2021_Italian_Grand_Prix,Italian Grand Prix,monza,https://en.wikipedia.org/wiki/Monza_Circuit,Autodromo Nazionale di Monza,45.6156,9.28111,Monza,Italy,2021-09-12,13:00:00Z,18,10,10,0,stroll,18,STR,http://en.wikipedia.org/wiki/Lance_Stroll,Lance,Stroll,1998-10-29,Canadian,aston_martin,http://en.wikipedia.org/wiki/Aston_Martin_in_Formula_One,Aston Martin,British,12,18,Finished,1712749,+38.671,8,1:25.349,
2022,4,https://en.wikipedia.org/wiki/2022_Emilia_Romagna_Grand_Prix,Emilia Romagna Grand Prix,imola,https://en.wikipedia.org/wiki/Imola_Circuit,Autodromo Enzo e Dino Ferrari,44.3439,11.7167,Imola,Italy,2022-04-24,13:00:00Z,1,1,1,8,max_verstappen,3,VER,http://en.wikipedia.org/wiki/Max_Verstappen,Max,Verstappen,1997-09-30,Dutch,red_bull,http://en.wikipedia.org/wiki/Red_Bull_Racing,Red Bull,Austrian,1,21,Finished,1839567,30:39.567,14,1:19.154,
2022,4,https://en.wikipedia.org/wiki/2022_Emilia_Romagna_Grand_Prix,Emilia Romagna Grand Prix,imola,https://en.wikipedia.org/wiki/Imola_Circuit,Autodromo Enzo e Dino Ferrari,44.3439,11.7167,Imola,Italy,2022-04-24,13:00:00Z,16,2,2,7,leclerc,16,LEC,http://en.wikipedia.org/wiki/Charles_Leclerc,Charles,Leclerc,1997-10-16,Monegasque,ferrari,http://en.wikipedia.org/wiki/Scuderia_Ferrari,Ferrari,Italian,2,21,Finished,1842542,+2.975,11,1:19.044,
2022,4,https://en.wikipedia.org/wiki/2022_Emilia_Romagna_Grand_Prix,Emilia Romagna Grand Prix,imola,https://en.wikipedia.org/wiki/Imola_Circuit,Autodromo Enzo e Dino Ferrari,44.3439,11.7167,Imola,Italy,2022-04-24,13:00:00Z,11,3,3,6,perez,11,PER,http://en.wikipedia.org/wiki/Sergio_P%C3%A9rez,Sergio,Pérez,1990-01-26,Mexican,red_bull,http://en.wikipedia.org/wiki/Red_Bull_Racing,Red Bull,Austrian,7,21,Finished,1844288,+4.721,14,1:19.012,
2022,4,https://en.wikipedia.org/wiki/2022_Emilia_Romagna_Grand_Prix,Emilia Romagna Grand Prix,imola,https://en.wikipedia.org/wiki/Imola_Circuit,Autodromo Enzo e Dino Ferrari,44.3439,11.7167,Imola,Italy,2022-04-24,13:00:00Z,55,4,4,5,sainz,55,SAI,http://en.wikipedia.org/wiki/Carlos_Sainz_Jr.,Carlos,Sainz,1994-09-01,Spanish,ferrari,http://en.wikipedia.org/wiki/Scuderia_Ferrari,Ferrari,Italian,10,21,Finished,1857145,+17.578,14,1:19.251,
2022,4,https://en.wikipedia.org/wiki/2022_Emilia_Romagna_Grand_Prix,Emilia Romagna Grand Prix,imola,https://en.wikipedia.org/wiki/Imola_Circuit,Autodromo Enzo e Dino Ferrari,44.3439,11.7167,Imola,Italy,2022-04-24,13:00:00Z,4,5,5,4,norris,4,NOR,http://en.wikipedia.org/wiki/Lando_Norris,Lando,Norris,1999-11-13,British,mclaren,http://en.wikipedia.org/wiki/McLaren,McLaren,British,3,21,Finished,1864128,+24.561,9,1:20.030,
2022,4,https://en.wikipedia.org/wiki/2022_Emilia_Romagna_Grand_Prix,Emilia Romagna Grand Prix,imola,https://en.wikipedia.org/wiki/Imola_Circuit,Autodromo Enzo e Dino Ferrari,44.3439,11.7167,Imola,Italy,2022-04-24,13:00:00Z,3,6,6,3,ricciardo,3,RIC,http://en.wikipedia.org/wiki/Daniel_Ricciardo,Daniel,Ricciardo,1989-07-01,Australian,mclaren,http://en.wikipedia.org/wiki/McLaren,McLaren,British,6,21,Finished,1867307,+27.740,12,1:20.328,
2022,4,https://en.wikipedia.org/wiki/2022_Emilia_Romagna_Grand_Prix,Emilia Romagna Grand Prix,imola,https://en.wikipedia.org/wiki/Imola_Circuit,Autodromo Enzo e Dino Ferrari,44.3439,11.7167,Imola,Italy,2022-04-24,13:00:00Z,77,7,7,2,bottas,77,BOT,http://en.wikipedia.org/wiki/Valtteri_Bottas,Valtteri,Bottas,1989-08-28,Finnish,alfa,http://en.wikipedia.org/wiki/Alfa_Romeo_in_Formula_One,Alfa Romeo,Swiss,8,21,Finished,1867700,+28.133,9,1:20.219,
2022,4,https://en.wikipedia.org/wiki/2022_Emilia_Romagna_Grand_Prix,Emilia Romagna Grand Prix,imola,https://en.wikipedia.org/wiki/Imola_Circuit,Autodromo Enzo e Dino Ferrari,44.3439,11.7167,Imola,Italy,2022-04-24,13:00:00Z,20,8,8,1,kevin_magnussen,20,MAG,http://en.wikipedia.org/wiki/Kevin_Magnussen,Kevin,Magnussen,1992-10-05,Danish,haas,http://en.wikipedia.org/wiki/Haas_F1_Team,Haas F1 Team,American,4,21,Finished,1870279,+30.712,6,1:20.557,
2022,4,https://en.wikipedia.org/wiki/2022_Emilia_Romagna_Grand_Prix,Emilia Romagna Grand Prix,imola,https://en.wikipedia.org/wiki/Imola_Circuit,Autodromo Enzo e Dino Ferrari,44.3439,11.7167,Imola,Italy,2022-04-24,13:00:00Z,14,9,9,0,alonso,14,ALO,http://en.wikipedia.org/wiki/Fernando_Alonso,Fernando,Alonso,1981-07-29,Spanish,alpine,http://en.wikipedia.org/wiki/Alpine_F1_Team,Alpine F1 Team,French,5,21,Finished,1871845,+32.278,10,1:20.639,
2022,4,https://en.wikipedia.org/wiki/2022_Emilia_Romagna_Grand_Prix,Emilia Romagna Grand Prix,imola,https://en.wikipedia.org/wiki/Imola_Circuit,Autodromo Enzo e Dino Ferrari,44.3439,11.7167,Imola,Italy,2022-04-24,13:00:00Z,47,10,10,0,mick_schumacher,47,MSC,http://en.wikipedia.org/wiki/Mick_Schumacher,Mick,Schumacher,1999-03-22,German,haas,http://en.wikipedia.org/wiki/Haas_F1_Team,Haas F1 Team,American,12,21,Finished,1873340,+33.773,15,1:20.567,
2022,4,https://en.wikipedia.org/wiki/2022_Emilia_Romagna_Grand_Prix,Emilia Romagna Grand Prix,imola,https://en.wikipedia.org/wiki/Imola_Circuit,Autodromo Enzo e Dino Ferrari,44.3439,11.7167,Imola,Italy,2022-04-24,13:00:00Z,63,11,11,0,russell,63,RUS,http://en.wikipedia.org/wiki/George_Russell_(racing_driver),George,Russell,1998-02-15,British,mercedes,http://en.wikipedia.org/wiki/Mercedes-Benz_in_Formula_One,Mercedes,German,11,21,Finished,1875851,+36.284,19,1:20.756,
2022,4,https://en.wikipedia.org/wiki/2022_Emilia_Romagna_Grand_Prix,Emilia Romagna Grand Prix,imola,https://en.wikipedia.org/wiki/Imola_Circuit,Autodromo Enzo e Dino Ferrari,44.3439,11.7167,Imola,Italy,2022-04-24,13:00:00Z,22,12,12,0,tsunoda,22,TSU,http://en.wikipedia.org/wiki/Yuki_Tsunoda,Yuki,Tsunoda,2000-05-11,Japanese,alphatauri,http://en.wikipedia.org/wiki/Scuderia_AlphaTauri,AlphaTauri,Italian,16,21,Finished,1877865,+38.298,20,1:20.909,
2022,4,https://en.wikipedia.org/wiki/2022_Emilia_Romagna_Grand_Prix,Emilia Romagna Grand Prix,imola,https://en.wikipedia.org/wiki/Imola_Circuit,Autodromo Enzo e Dino Ferrari,44.3439,11.7167,Imola,Italy,2022-04-24,13:00:00Z,5,13,13,0,vettel,5,VET,http://en.wikipedia.org/wiki/Sebastian_Vettel,Sebastian,Vettel,1987-07-03,German,aston_martin,http://en.wikipedia.org/wiki/Aston_Martin_in_Formula_One,Aston Martin,British,9,21,Finished,1879744,+40.177,8,1:21.044,
2022,4,https://en.wikipedia.org/wiki/2022_Emilia_Romagna_Grand_Prix,Emilia Romagna Grand Prix,imola,https://en.wikipedia.org/wiki/Imola_Circuit,Autodromo Enzo e Dino Ferrari,44.3439,11.7167,Imola,Italy,2022-04-24,13:00:00Z,44,14,14,0,hamilton,44,HAM,http://en.wikipedia.org/wiki/Lewis_Hamilton,Lewis,Hamilton,1985-01-07,British,mercedes,http://en.wikipedia.org/wiki/Mercedes-Benz_in_Formula_One,Mercedes,German,13,21,Finished,1881026,+41.459,9,1:20.663,
2022,4,https://en.wikipedia.org/wiki/2022_Emilia_Romagna_Grand_Prix,Emilia Romagna Grand Prix,imola,https://en.wikipedia.org/wiki/Imola_Circuit,Autodromo Enzo e Dino Ferrari,44.3439,11.7167,Imola,Italy,2022-04-24,13:00:00Z,18,15,15,0,stroll,18,STR,http://en.wikipedia.org/wiki/Lance_Stroll,Lance,Stroll,1998-10-29,Canadian,aston_martin,http://en.wikipedia.org/wiki/Aston_Martin_in_Formula_One,Aston Martin,British,15,21,Finished,1882477,+42.910,14,1:20.948,
2022,4,https://en.wikipedia.org/wiki/2022_Emilia_Romagna_Grand_Prix,Emilia Romagna Grand Prix,imola,https://en.wikipedia.org/wiki/Imola_Circuit,Autodromo Enzo e Dino Ferrari,44.3439,11.7167,Imola,Italy,2022-04-24,13:00:00Z,31,16,16,0,ocon,31,OCO,http://en.wikipedia.org/wiki/Esteban_Ocon,Esteban,Ocon,1996-09-17,French,alpine,http://en.wikipedia.org/wiki/Alpine_F1_Team,Alpine F1 Team,French,19,21,Finished,1883084,+43.517,14,1:20.995,
2022,4,https://en.wikipedia.org/wiki/2022_Emilia_Romagna_Grand_Prix,Emilia Romagna Grand Prix,imola,https://en.wikipedia.org/wiki/Imola_Circuit,Autodromo Enzo e Dino Ferrari,44.3439,11.7167,Imola,Italy,2022-04-24,13:00:00Z,10,17,17,0,gasly,10,GAS,http://en.wikipedia.org/wiki/Pierre_Gasly,Pierre,Gasly,1996-02-07,French,alphatauri,http://en.wikipedia.org/wiki/Scuderia_AlphaTauri,AlphaTauri,Italian,17,21,Finished,1883361,+43.794,18,1:20.599,
2022,4,https://en.wikipedia.org/wiki/2022_Emilia_Romagna_Grand_Prix,Emilia Romagna Grand Prix,imola,https://en.wikipedia.org/wiki/Imola_Circuit,Autodromo Enzo e Dino Ferrari,44.3439,11.7167,Imola,Italy,2022-04-24,13:00:00Z,23,18,18,0,albon,23,ALB,http://en.wikipedia.org/wiki/Alexander_Albon,Alexander,Albon,1996-03-23,Thai,williams,http://en.wikipedia.org/wiki/Williams_Grand_Prix_Engineering,Williams,British,20,21,Finished,1888438,+48.871,14,1:21.020,
2022,4,https://en.wikipedia.org/wiki/2022_Emilia_Romagna_Grand_Prix,Emilia Romagna Grand Prix,imola,https://en.wikipedia.org/wiki/Imola_Circuit,Autodromo Enzo e Dino Ferrari,44.3439,11.7167,Imola,Italy,2022-04-24,13:00:00Z,6,19,19,0,latifi,6,LAT,http://en.wikipedia.org/wiki/Nicholas_Latifi,Nicholas,Latifi,1995-06-29,Canadian,williams,http://en.wikipedia.org/wiki/Williams_Grand_Prix_Engineering,Williams,British,18,21,Finished,1891584,+52.017,16,1:21.437,
2022,4,https://en.wikipedia.org/wiki/2022_Emilia_Romagna_Grand_Prix,Emilia Romagna Grand Prix,imola,https://en.wikipedia.org/wiki/Imola_Circuit,Autodromo Enzo e Dino Ferrari,44.3439,11.7167,Imola,Italy,2022-04-24,13:00:00Z,24,20,R,0,zhou,24,ZHO,http://en.wikipedia.org/wiki/Zhou_Guanyu,Guanyu,Zhou,1999-05-30,Chinese,alfa,http://en.wikipedia.org/wiki/Alfa_Romeo_in_Formula_One,Alfa Romeo,Swiss,0,0,Retired,,,,,
2022,11,https://en.wikipedia.org/wiki/2022_Austrian_Grand_Prix,Austrian Grand Prix,red_bull_ring,https://en.wikipedia.org/wiki/Red_Bull_Ring,Red Bull Ring,47.2197,14.7647,Spielberg,Austria,2022-07-10,13:00:00Z,1,1,1,8,max_verstappen,3,VER,http://en.wikipedia.org/wiki/Max_Verstappen,Max,Verstappen,1997-09-30,Dutch,red_bull,http://en.wikipedia.org/wiki/Red_Bull_Racing,Red Bull,Austrian,1,23,Finished,1590059,26:30.059,5,1:08.455,
2022,11,https://en.wikipedia.org/wiki/2022_Austrian_Grand_Prix,Austrian Grand Prix,red_bull_ring,https://en.wikipedia.org/wiki/Red_Bull_Ring,Red Bull Ring,47.2197,14.7647,Spielberg,Austria,2022-07-10,13:00:00Z,16,2,2,7,leclerc,16,LEC,http://en.wikipedia.org/wiki/Charles_Leclerc,Charles,Leclerc,1997-10-16,Monegasque,ferrari,http://en.wikipedia.org/wiki/Scuderia_Ferrari,Ferrari,Italian,2,23,Finished,1591734,+1.675,4,1:08.321,
2022,11,https://en.wikipedia.org/wiki/2022_Austrian_Grand_Prix,Austrian Grand Prix,red_bull_ring,https://en.wikipedia.org/wiki/Red_Bull_Ring,Red Bull Ring,47.2197,14.7647,Spielberg,Austria,2022-07-10,13:00:00Z,55,3,3,6,sainz,55,SAI,http://en.wikipedia.org/wiki/Carlos_Sainz_Jr.,Carlos,Sainz,1994-09-01,Spanish,ferrari,http://en.wikipedia.org/wiki/Scuderia_Ferrari,Ferrari,Italian,3,23,Finished,1595703,+5.644,4,1:08.409,
2022,11,https://en.wikipedia.org/wiki/2022_Austrian_Grand_Prix,Austrian Grand Prix,red_bull_ring,https://en.wikipedia.org/wiki/Red_Bull_Ring,Red Bull Ring,47.2197,14.7647,Spielberg,Austria,2022-07-10,13:00:00Z,63,4,4,5,russell,63,RUS,http://en.wikipedia.org/wiki/George_Russell_(racing_driver),George,Russell,1998-02-15,British,mercedes,http://en.wikipedia.org/wiki/Mercedes-Benz_in_Formula_One,Mercedes,German,4,23,Finished,1603488,+13.429,4,1:08.979,
2022,11,https://en.wikipedia.org/wiki/2022_Austrian_Grand_Prix,Austrian Grand Prix,red_bull_ring,https://en.wikipedia.org/wiki/Red_Bull_Ring,Red Bull Ring,47.2197,14.7647,Spielberg,Austria,2022-07-10,13:00:00Z,11,5,5,4,perez,11,PER,http://en.wikipedia.org/wiki/Sergio_P%C3%A9rez,Sergio,Pérez,1990-01-26,Mexican,red_bull,http://en.wikipedia.org/wiki/Red_Bull_Racing,Red Bull,Austrian,13,23,Finished,1608361,+18.302,14,1:09.137,
2022,11,https://en.wikipedia.org/wiki/2022_Austrian_Grand_Prix,Austrian Grand Prix,red_bull_ring,https://en.wikipedia.org/wiki/Red_Bull_Ring,Red Bull Ring,47.2197,14.7647,Spielberg,Austria,2022-07-10,13:00:00Z,31,6,6,3,ocon,31,OCO,http://en.wikipedia.org/wiki/Esteban_Ocon,Esteban,Ocon,1996-09-17,French,alpine,http://en.wikipedia.org/wiki/Alpine_F1_Team,Alpine F1 Team,French,5,23,Finished,1621091,+31.032,4,1:09.384,
2022,11,https://en.wikipedia.org/wiki/2022_Austrian_Grand_Prix,Austrian Grand Prix,red_bull_ring,https://en.wikipedia.org/wiki/Red_Bull_Ring,Red Bull Ring,47.2197,14.7647,Spielberg,Austria,2022-07-10,13:00:00Z,20,7,7,2,kevin_magnussen,20,MAG,http://en.wikipedia.org/wiki/Kevin_Magnussen,Kevin,Magnussen,1992-10-05,Danish,haas,http://en.wikipedia.org/wiki/Haas_F1_Team,Haas F1 Team,American,6,23,Finished,1624598,+34.539,4,1:09.232,
2022,11,https://en.wikipedia.org/wiki/2022_Austrian_Grand_Prix,Austrian Grand Prix,red_bull_ring,https://en.wikipedia.org/wiki/Red_Bull_Ring,Red Bull Ring,47.2197,14.7647,Spielberg,Austria,2022-07-10,13:00:00Z,44,8,8,1,hamilton,44,HAM,http://en.wikipedia.org/wiki/Lewis_Hamilton,Lewis,Hamilton,1985-01-07,British,mercedes,http://en.wikipedia.org/wiki/Mercedes-Benz_in_Formula_One,Mercedes,German,9,23,Finished,1625506,+35.447,7,1:09.516,
2022,11,https://en.wikipedia.org/wiki/2022_Austrian_Grand_Prix,Austrian Grand Prix,red_bull_ring,https://en.wikipedia.org/wiki/Red_Bull_Ring,Red Bull Ring,47.2197,14.7647,Spielberg,Austria,2022-07-10,13:00:00Z,47,9,9,0,mick_schumacher,47,MSC,http://en.wikipedia.org/wiki/Mick_Schumacher,Mick,Schumacher,1999-03-22,German,haas,http://en.wikipedia.org/wiki/Haas_F1_Team,Haas F1 Team,American,7,23,Finished,1627222,+37.163,4,1:09.457,
2022,11,https://en.wikipedia.org/wiki/2022_Austrian_Grand_Prix,Austrian Grand Prix,red_bull_ring,https://en.wikipedia.org/wiki/Red_Bull_Ring,Red Bull Ring,47.2197,14.7647,Spielberg,Austria,2022-07-10,13:00:00Z,77,10,10,0,bottas,77,BOT,http://en.wikipedia.org/wiki/Valtteri_Bottas,Valtteri,Bottas,1989-08-28,Finnish,alfa,http://en.wikipedia.org/wiki/Alfa_Romeo_in_Formula_One,Alfa Romeo,Swiss,12,23,Finished,1627616,+37.557,4,1:09.674,
2023,4,https://en.wikipedia.org/wiki/2023_Azerbaijan_Grand_Prix,Azerbaijan Grand Prix,baku,https://en.wikipedia.org/wiki/Baku_City_Circuit,Baku City Circuit,40.3725,49.8533,Baku,Azerbaijan,2023-04-30,11:00:00Z,11,1,1,8,perez,11,PER,http://en.wikipedia.org/wiki/Sergio_P%C3%A9rez,Sergio,Pérez,1990-01-26,Mexican,red_bull,http://en.wikipedia.org/wiki/Red_Bull_Racing,Red Bull,Austrian,2,17,Finished,1997667,33:17.667,11,1:43.616,
2023,4,https://en.wikipedia.org/wiki/2023_Azerbaijan_Grand_Prix,Azerbaijan Grand Prix,baku,https://en.wikipedia.org/wiki/Baku_City_Circuit,Baku City Circuit,40.3725,49.8533,Baku,Azerbaijan,2023-04-30,11:00:00Z,16,2,2,7,leclerc,16,LEC,http://en.wikipedia.org/wiki/Charles_Leclerc,Charles,Leclerc,1997-10-16,Monegasque,ferrari,http://en.wikipedia.org/wiki/Scuderia_Ferrari,Ferrari,Italian,1,17,Finished,2002130,+4.463,12,1:43.646,
2023,4,https://en.wikipedia.org/wiki/2023_Azerbaijan_Grand_Prix,Azerbaijan Grand Prix,baku,https://en.wikipedia.org/wiki/Baku_City_Circuit,Baku City Circuit,40.3725,49.8533,Baku,Azerbaijan,2023-04-30,11:00:00Z,1,3,3,6,max_verstappen,3,VER,http://en.wikipedia.org/wiki/Max_Verstappen,Max,Verstappen,1997-09-30,Dutch,red_bull,http://en.wikipedia.org/wiki/Red_Bull_Racing,Red Bull,Austrian,3,17,Finished,2002732,+5.065,10,1:43.723,
2023,4,https://en.wikipedia.org/wiki/2023_Azerbaijan_Grand_Prix,Azerbaijan Grand Prix,baku,https://en.wikipedia.org/wiki/Baku_City_Circuit,Baku City Circuit,40.3725,49.8533,Baku,Azerbaijan,2023-04-30,11:00:00Z,63,4,4,5,russell,63,RUS,http://en.wikipedia.org/wiki/George_Russell_(racing_driver),George,Russell,1998-02-15,British,mercedes,http://en.wikipedia.org/wiki/Mercedes-Benz_in_Formula_One,Mercedes,German,4,17,Finished,2001134,+3.467,10,1:44.409,
2023,4,https://en.wikipedia.org/wiki/2023_Azerbaijan_Grand_Prix,Azerbaijan Grand Prix,baku,https://en.wikipedia.org/wiki/Baku_City_Circuit,Baku City Circuit,40.3725,49.8533,Baku,Azerbaijan,2023-04-30,11:00:00Z,55,5,5,4,sainz,55,SAI,http://en.wikipedia.org/wiki/Carlos_Sainz_Jr.,Carlos,Sainz,1994-09-01,Spanish,ferrari,http://en.wikipedia.org/wiki/Scuderia_Ferrari,Ferrari,Italian,5,17,Finished,2008055,+10.388,11,1:44.398,
2023,4,https://en.wikipedia.org/wiki/2023_Azerbaijan_Grand_Prix,Azerbaijan Grand Prix,baku,https://en.wikipedia.org/wiki/Baku_City_Circuit,Baku City Circuit,40.3725,49.8533,Baku,Azerbaijan,2023-04-30,11:00:00Z,14,6,6,3,alonso,14,ALO,http://en.wikipedia.org/wiki/Fernando_Alonso,Fernando,Alonso,1981-07-29,Spanish,aston_martin,http://en.wikipedia.org/wiki/Aston_Martin_in_Formula_One,Aston Martin,British,8,17,Finished,2009280,+11.613,12,1:44.544,
2023,4,https://en.wikipedia.org/wiki/2023_Azerbaijan_Grand_Prix,Azerbaijan Grand Prix,baku,https://en.wikipedia.org/wiki/Baku_City_Circuit,Baku City Circuit,40.3725,49.8533,Baku,Azerbaijan,2023-04-30,11:00:00Z,44,7,7,2,hamilton,44,HAM,http://en.wikipedia.org/wiki/Lewis_Hamilton,Lewis,Hamilton,1985-01-07,British,mercedes,http://en.wikipedia.org/wiki/Mercedes-Benz_in_Formula_One,Mercedes,German,6,17,Finished,2002557,+4.890,8,1:44.601,
2023,4,https://en.wikipedia.org/wiki/2023_Azerbaijan_Grand_Prix,Azerbaijan Grand Prix,baku,https://en.wikipedia.org/wiki/Baku_City_Circuit,Baku City Circuit,40.3725,49.8533,Baku,Azerbaijan,2023-04-30,11:00:00Z,18,8,8,1,stroll,18,STR,http://en.wikipedia.org/wiki/Lance_Stroll,Lance,Stroll,1998-10-29,Canadian,aston_martin,http://en.wikipedia.org/wiki/Aston_Martin_in_Formula_One,Aston Martin,British,9,17,Finished,2016084,+18.417,14,1:44.855,
2023,4,https://en.wikipedia.org/wiki/2023_Azerbaijan_Grand_Prix,Azerbaijan Grand Prix,baku,https://en.wikipedia.org/wiki/Baku_City_Circuit,Baku City Circuit,40.3725,49.8533,Baku,Azerbaijan,2023-04-30,11:00:00Z,23,9,9,0,albon,23,ALB,http://en.wikipedia.org/wiki/Alexander_Albon,Alexander,Albon,1996-03-23,Thai,williams,http://en.wikipedia.org/wiki/Williams_Grand_Prix_Engineering,Williams,British,7,17,Finished,2019424,+21.757,10,1:44.915,
2023,4,https://en.wikipedia.org/wiki/2023_Azerbaijan_Grand_Prix,Azerbaijan Grand Prix,baku,https://en.wikipedia.org/wiki/Baku_City_Circuit,Baku City Circuit,40.3725,49.8533,Baku,Azerbaijan,2023-04-30,11:00:00Z,81,10,10,0,piastri,81,PIA,http://en.wikipedia.org/wiki/Oscar_Piastri,Oscar,Piastri,2001-04-06,Australian,mclaren,http://en.wikipedia.org/wiki/McLaren,McLaren,British,11,17,Finished,2020518,+22.851,8,1:44.776,
2023,4,https://en.wikipedia.org/wiki/2023_Azerbaijan_Grand_Prix,Azerbaijan Grand Prix,baku,https://en.wikipedia.org/wiki/Baku_City_Circuit,Baku City Circuit,40.3725,49.8533,Baku,Azerbaijan,2023-04-30,11:00:00Z,20,11,11,0,kevin_magnussen,20,MAG,http://en.wikipedia.org/wiki/Kevin_Magnussen,Kevin,Magnussen,1992-10-05,Danish,haas,http://en.wikipedia.org/wiki/Haas_F1_Team,Haas F1 Team,American,13,17,Finished,2025657,+27.990,14,1:45.349,
2023,4,https://en.wikipedia.org/wiki/2023_Azerbaijan_Grand_Prix,Azerbaijan Grand Prix,baku,https://en.wikipedia.org/wiki/Baku_City_Circuit,Baku City Circuit,40.3725,49.8533,Baku,Azerbaijan,2023-04-30,11:00:00Z,24,12,12,0,zhou,24,ZHO,http://en.wikipedia.org/wiki/Zhou_Guanyu,Guanyu,Zhou,1999-05-30,Chinese,alfa,http://en.wikipedia.org/wiki/Alfa_Romeo_in_Formula_One,Alfa Romeo,Swiss,14,17,Finished,2032269,+34.602,16,1:45.766,
2023,4,https://en.wikipedia.org/wiki/2023_Azerbaijan_Grand_Prix,Azerbaijan Grand Prix,baku,https://en.wikipedia.org/wiki/Baku_City_Circuit,Baku City Circuit,40.3725,49.8533,Baku,Azerbaijan,2023-04-30,11:00:00Z,10,13,13,0,gasly,10,GAS,http://en.wikipedia.org/wiki/Pierre_Gasly,Pierre,Gasly,1996-02-07,French,alpine,http://en.wikipedia.org/wiki/Alpine_F1_Team,Alpine F1 Team,French,17,17,Finished,2034585,+36.918,12,1:45.883,
2023,4,https://en.wikipedia.org/wiki/2023_Azerbaijan_Grand_Prix,Azerbaijan Grand Prix,baku,https://en.wikipedia.org/wiki/Baku_City_Circuit,Baku City Circuit,40.3725,49.8533,Baku,Azerbaijan,2023-04-30,11:00:00Z,21,14,14,0,de_vries,21,DEV,http://en.wikipedia.org/wiki/Nyck_de_Vries,Nyck,de Vries,1995-02-06,Dutch,alphatauri,http://en.wikipedia.org/wiki/Scuderia_AlphaTauri,AlphaTauri,Italian,18,17,Finished,2039293,+41.626,17,1:45.768,
2023,4,https://en.wikipedia.org/wiki/2023_Azerbaijan_Grand_Prix,Azerbaijan Grand Prix,baku,https://en.wikipedia.org/wiki/Baku_City_Circuit,Baku City Circuit,40.3725,49.8533,Baku,Azerbaijan,2023-04-30,11:00:00Z,27,15,15,0,hulkenberg,27,HUL,http://en.wikipedia.org/wiki/Nico_H%C3%BClkenberg,Nico,Hülkenberg,1987-08-19,German,haas,http://en.wikipedia.org/wiki/Haas_F1_Team,Haas F1 Team,American,12,17,Finished,2046254,+48.587,8,1:45.971,
2023,4,https://en.wikipedia.org/wiki/2023_Azerbaijan_Grand_Prix,Azerbaijan Grand Prix,baku,https://en.wikipedia.org/wiki/Baku_City_Circuit,Baku City Circuit,40.3725,49.8533,Baku,Azerbaijan,2023-04-30,11:00:00Z,77,16,16,0,bottas,77,BOT,http://en.wikipedia.org/wiki/Valtteri_Bottas,Valtteri,Bottas,1989-08-28,Finnish,alfa,http://en.wikipedia.org/wiki/Alfa_Romeo_in_Formula_One,Alfa Romeo,Swiss,15,17,Finished,2047584,+49.917,9,1:46.277,
2023,4,https://en.wikipedia.org/wiki/2023_Azerbaijan_Grand_Prix,Azerbaijan Grand Prix,baku,https://en.wikipedia.org/wiki/Baku_City_Circuit,Baku City Circuit,40.3725,49.8533,Baku,Azerbaijan,2023-04-30,11:00:00Z,4,17,17,0,norris,4,NOR,http://en.wikipedia.org/wiki/Lando_Norris,Lando,Norris,1999-11-13,British,mclaren,http://en.wikipedia.org/wiki/McLaren,McLaren,British,10,17,Finished,2048771,+51.104,15,1:44.484,
2023,4,https://en.wikipedia.org/wiki/2023_Azerbaijan_Grand_Prix,Azerbaijan Grand Prix,baku,https://en.wikipedia.org/wiki/Baku_City_Circuit,Baku City Circuit,40.3725,49.8533,Baku,Azerbaijan,2023-04-30,11:00:00Z,31,18,18,0,ocon,31,OCO,http://en.wikipedia.org/wiki/Esteban_Ocon,Esteban,Ocon,1996-09-17,French,alpine,http://en.wikipedia.org/wiki/Alpine_F1_Team,Alpine F1 Team,French,0,17,Finished,2058288,+1:00.621,15,1:45.090,
2023,4,https://en.wikipedia.org/wiki/2023_Azerbaijan_Grand_Prix,Azerbaijan Grand Prix,baku,https://en.wikipedia.org/wiki/Baku_City_Circuit,Baku City Circuit,40.3725,49.8533,Baku,Azerbaijan,2023-04-30,11:00:00Z,22,19,R,0,tsunoda,22,TSU,http://en.wikipedia.org/wiki/Yuki_Tsunoda,Yuki,Tsunoda,2000-05-11,Japanese,alphatauri,http://en.wikipedia.org/wiki/Scuderia_AlphaTauri,AlphaTauri,Italian,16,2,Collision damage,,,,,
2023,4,https://en.wikipedia.org/wiki/2023_Azerbaijan_Grand_Prix,Azerbaijan Grand Prix,baku,https://en.wikipedia.org/wiki/Baku_City_Circuit,Baku City Circuit,40.3725,49.8533,Baku,Azerbaijan,2023-04-30,11:00:00Z,2,20,R,0,sargeant,2,SAR,http://en.wikipedia.org/wiki/Logan_Sargeant,Logan,Sargeant,2000-12-31,American,williams,http://en.wikipedia.org/wiki/Williams_Grand_Prix_Engineering,Williams,British,0,0,Accident,,,,,
2023,9,https://en.wikipedia.org/wiki/2023_Austrian_Grand_Prix,Austrian Grand Prix,red_bull_ring,https://en.wikipedia.org/wiki/Red_Bull_Ring,Red Bull Ring,47.2197,14.7647,Spielberg,Austria,2023-07-02,13:00:00Z,1,1,1,8,max_verstappen,3,VER,http://en.wikipedia.org/wiki/Max_Verstappen,Max,Verstappen,1997-09-30,Dutch,red_bull,http://en.wikipedia.org/wiki/Red_Bull_Racing,Red Bull,Austrian,1,24,Finished,1826730,30:26.730,19,1:14.292,12
2023,9,https://en.wikipedia.org/wiki/2023_Austrian_Grand_Prix,Austrian Grand Prix,red_bull_ring,https://en.wikipedia.org/wiki/Red_Bull_Ring,Red Bull Ring,47.2197,14.7647,Spielberg,Austria,2023-07-02,13:00:00Z,11,2,2,7,perez,11,PER,http://en.wikipedia.org/wiki/Sergio_P%C3%A9rez,Sergio,Pérez,1990-01-26,Mexican,red_bull,http://en.wikipedia.org/wiki/Red_Bull_Racing,Red Bull,Austrian,2,24,Finished,1847778,+21.048,16,1:15.492,15
2023,9,https://en.wikipedia.org/wiki/2023_Austrian_Grand_Prix,Austrian Grand Prix,red_bull_ring,https://en.wikipedia.org/wiki/Red_Bull_Ring,Red Bull Ring,47.2197,14.7647,Spielberg,Austria,2023-07-02,13:00:00Z,55,3,3,6,sainz,55,SAI,http://en.wikipedia.org/wiki/Carlos_Sainz_Jr.,Carlos,Sainz,1994-09-01,Spanish,ferrari,http://en.wikipedia.org/wiki/Scuderia_Ferrari,Ferrari,Italian,5,24,Finished,1849818,+23.088,16,1:15.457,14
2023,9,https://en.wikipedia.org/wiki/2023_Austrian_Grand_Prix,Austrian Grand Prix,red_bull_ring,https://en.wikipedia.org/wiki/Red_Bull_Ring,Red Bull Ring,47.2197,14.7647,Spielberg,Austria,2023-07-02,13:00:00Z,18,4,4,5,stroll,18,STR,http://en.wikipedia.org/wiki/Lance_Stroll,Lance,Stroll,1998-10-29,Canadian,aston_martin,http://en.wikipedia.org/wiki/Aston_Martin_in_Formula_One,Aston Martin,British,7,24,Finished,1856433,+29.703,23,1:15.531,17
2023,9,https://en.wikipedia.org/wiki/2023_Austrian_Grand_Prix,Austrian Grand Prix,red_bull_ring,https://en.wikipedia.org/wiki/Red_Bull_Ring,Red Bull Ring,47.2197,14.7647,Spielberg,Austria,2023-07-02,13:00:00Z,14,5,5,4,alonso,14,ALO,http://en.wikipedia.org/wiki/Fernando_Alonso,Fernando,Alonso,1981-07-29,Spanish,aston_martin,http://en.wikipedia.org/wiki/Aston_Martin_in_Formula_One,Aston Martin,British,6,24,Finished,1856839,+30.109,18,1:14.978,13
2023,9,https://en.wikipedia.org/wiki/2023_Austrian_Grand_Prix,Austrian Grand Prix,red_bull_ring,https://en.wikipedia.org/wiki/Red_Bull_Ring,Red Bull Ring,47.2197,14.7647,Spielberg,Austria,2023-07-02,13:00:00Z,27,6,6,3,hulkenberg,27,HUL,http://en.wikipedia.org/wiki/Nico_H%C3%BClkenberg,Nico,Hülkenberg,1987-08-19,German,haas,http://en.wikipedia.org/wiki/Haas_F1_Team,Haas F1 Team,American,4,24,Finished,1858027,+31.297,24,1:10.180,1
2023,9,https://en.wikipedia.org/wiki/2023_Austrian_Grand_Prix,Austrian Grand Prix,red_bull_ring,https://en.wikipedia.org/wiki/Red_Bull_Ring,Red Bull Ring,47.2197,14.7647,Spielberg,Austria,2023-07-02,13:00:00Z,31,7,7,2,ocon,31,OCO,http://en.wikipedia.org/wiki/Esteban_Ocon,Esteban,Ocon,1996-09-17,French,alpine,http://en.wikipedia.org/wiki/Alpine_F1_Team,Alpine F1 Team,French,8,24,Finished,1863332,+36.602,22,1:15.512,16
2023,9,https://en.wikipedia.org/wiki/2023_Austrian_Grand_Prix,Austrian Grand Prix,red_bull_ring,https://en.wikipedia.org/wiki/Red_Bull_Ring,Red Bull Ring,47.2197,14.7647,Spielberg,Austria,2023-07-02,13:00:00Z,63,8,8,1,russell,63,RUS,http://en.wikipedia.org/wiki/George_Russell_(racing_driver),George,Russell,1998-02-15,British,mercedes,http://en.wikipedia.org/wiki/Mercedes-Benz_in_Formula_One,Mercedes,German,15,24,Finished,1863341,+36.611,23,1:10.385,3
2023,9,https://en.wikipedia.org/wiki/2023_Austrian_Grand_Prix,Austrian Grand Prix,red_bull_ring,https://en.wikipedia.org/wiki/Red_Bull_Ring,Red Bull Ring,47.2197,14.7647,Spielberg,Austria,2023-07-02,13:00:00Z,4,9,9,0,norris,4,NOR,http://en.wikipedia.org/wiki/Lando_Norris,Lando,Norris,1999-11-13,British,mclaren,http://en.wikipedia.org/wiki/McLaren,McLaren,British,3,24,Finished,1865338,+38.608,19,1:15.627,18
2023,9,https://en.wikipedia.org/wiki/2023_Austrian_Grand_Prix,Austrian Grand Prix,red_bull_ring,https://en.wikipedia.org/wiki/Red_Bull_Ring,Red Bull Ring,47.2197,14.7647,Spielberg,Austria,2023-07-02,13:00:00Z,44,10,10,0,hamilton,44,HAM,http://en.wikipedia.org/wiki/Lewis_Hamilton,Lewis,Hamilton,1985-01-07,British,mercedes,http://en.wikipedia.org/wiki/Mercedes-Benz_in_Formula_One,Mercedes,German,18,24,Finished,1873105,+46.375,24,1:10.775,6
2024,5,https://en.wikipedia.org/wiki/2024_Chinese_Grand_Prix,Chinese Grand Prix,shanghai,https://en.wikipedia.org/wiki/Shanghai_International_Circuit,Shanghai International Circuit,31.3389,121.22,Shanghai,China,2024-04-21,07:00:00Z,1,1,1,8,max_verstappen,3,VER,http://en.wikipedia.org/wiki/Max_Verstappen,Max,Verstappen,1997-09-30,Dutch,red_bull,http://en.wikipedia.org/wiki/Red_Bull_Racing,Red Bull,Austrian,4,19,Finished,1924660,32:04.660,3,1:40.331,1
2024,5,https://en.wikipedia.org/wiki/2024_Chinese_Grand_Prix,Chinese Grand Prix,shanghai,https://en.wikipedia.org/wiki/Shanghai_International_Circuit,Shanghai International Circuit,31.3389,121.22,Shanghai,China,2024-04-21,07:00:00Z,44,2,2,7,hamilton,44,HAM,http://en.wikipedia.org/wiki/Lewis_Hamilton,Lewis,Hamilton,1985-01-07,British,mercedes,http://en.wikipedia.org/wiki/Mercedes-Benz_in_Formula_One,Mercedes,German,2,19,Finished,1937703,+13.043,3,1:40.420,2
2024,5,https://en.wikipedia.org/wiki/2024_Chinese_Grand_Prix,Chinese Grand Prix,shanghai,https://en.wikipedia.org/wiki/Shanghai_International_Circuit,Shanghai International Circuit,31.3389,121.22,Shanghai,China,2024-04-21,07:00:00Z,11,3,3,6,perez,11,PER,http://en.wikipedia.org/wiki/Sergio_P%C3%A9rez,Sergio,Pérez,1990-01-26,Mexican,red_bull,http://en.wikipedia.org/wiki/Red_Bull_Racing,Red Bull,Austrian,6,19,Finished,1939918,+15.258,4,1:41.065,7
2024,5,https://en.wikipedia.org/wiki/2024_Chinese_Grand_Prix,Chinese Grand Prix,shanghai,https://en.wikipedia.org/wiki/Shanghai_International_Circuit,Shanghai International Circuit,31.3389,121.22,Shanghai,China,2024-04-21,07:00:00Z,16,4,4,5,leclerc,16,LEC,http://en.wikipedia.org/wiki/Charles_Leclerc,Charles,Leclerc,1997-10-16,Monegasque,ferrari,http://en.wikipedia.org/wiki/Scuderia_Ferrari,Ferrari,Italian,7,19,Finished,1942146,+17.486,4,1:41.003,6
2024,5,https://en.wikipedia.org/wiki/2024_Chinese_Grand_Prix,Chinese Grand Prix,shanghai,https://en.wikipedia.org/wiki/Shanghai_International_Circuit,Shanghai International Circuit,31.3389,121.22,Shanghai,China,2024-04-21,07:00:00Z,55,5,5,4,sainz,55,SAI,http://en.wikipedia.org/wiki/Carlos_Sainz_Jr.,Carlos,Sainz,1994-09-01,Spanish,ferrari,http://en.wikipedia.org/wiki/Scuderia_Ferrari,Ferrari,Italian,5,19,Finished,1945356,+20.696,4,1:40.962,5
2024,5,https://en.wikipedia.org/wiki/2024_Chinese_Grand_Prix,Chinese Grand Prix,shanghai,https://en.wikipedia.org/wiki/Shanghai_International_Circuit,Shanghai International Circuit,31.3389,121.22,Shanghai,China,2024-04-21,07:00:00Z,4,6,6,3,norris,4,NOR,http://en.wikipedia.org/wiki/Lando_Norris,Lando,Norris,1999-11-13,British,mclaren,http://en.wikipedia.org/wiki/McLaren,McLaren,British,1,19,Finished,1946748,+22.088,4,1:40.951,4
2024,5,https://en.wikipedia.org/wiki/2024_Chinese_Grand_Prix,Chinese Grand Prix,shanghai,https://en.wikipedia.org/wiki/Shanghai_International_Circuit,Shanghai International Circuit,31.3389,121.22,Shanghai,China,2024-04-21,07:00:00Z,81,7,7,2,piastri,81,PIA,http://en.wikipedia.org/wiki/Oscar_Piastri,Oscar,Piastri,2001-04-06,Australian,mclaren,http://en.wikipedia.org/wiki/McLaren,McLaren,British,8,19,Finished,1949373,+24.713,3,1:41.107,8
2024,5,https://en.wikipedia.org/wiki/2024_Chinese_Grand_Prix,Chinese Grand Prix,shanghai,https://en.wikipedia.org/wiki/Shanghai_International_Circuit,Shanghai International Circuit,31.3389,121.22,Shanghai,China,2024-04-21,07:00:00Z,63,8,8,1,russell,63,RUS,http://en.wikipedia.org/wiki/George_Russell_(racing_driver),George,Russell,1998-02-15,British,mercedes,http://en.wikipedia.org/wiki/Mercedes-Benz_in_Formula_One,Mercedes,German,11,19,Finished,1950356,+25.696,5,1:41.505,10
2024,5,https://en.wikipedia.org/wiki/2024_Chinese_Grand_Prix,Chinese Grand Prix,shanghai,https://en.wikipedia.org/wiki/Shanghai_International_Circuit,Shanghai International Circuit,31.3389,121.22,Shanghai,China,2024-04-21,07:00:00Z,24,9,9,0,zhou,24,ZHO,http://en.wikipedia.org/wiki/Zhou_Guanyu,Guanyu,Zhou,1999-05-30,Chinese,sauber,http://en.wikipedia.org/wiki/Sauber_Motorsport,Sauber,Swiss,10,19,Finished,1956611,+31.951,4,1:41.502,9
2024,5,https://en.wikipedia.org/wiki/2024_Chinese_Grand_Prix,Chinese Grand Prix,shanghai,https://en.wikipedia.org/wiki/Shanghai_International_Circuit,Shanghai International Circuit,31.3389,121.22,Shanghai,China,2024-04-21,07:00:00Z,20,10,10,0,kevin_magnussen,20,MAG,http://en.wikipedia.org/wiki/Kevin_Magnussen,Kevin,Magnussen,1992-10-05,Danish,haas,http://en.wikipedia.org/wiki/Haas_F1_Team,Haas F1 Team,American,12,19,Finished,1962058,+37.398,5,1:42.092,13
2024,5,https://en.wikipedia.org/wiki/2024_Chinese_Grand_Prix,Chinese Grand Prix,shanghai,https://en.wikipedia.org/wiki/Shanghai_International_Circuit,Shanghai International Circuit,31.3389,121.22,Shanghai,China,2024-04-21,07:00:00Z,3,11,11,0,ricciardo,3,RIC,http://en.wikipedia.org/wiki/Daniel_Ricciardo,Daniel,Ricciardo,1989-07-01,Australian,rb,http://en.wikipedia.org/wiki/RB_Formula_One_Team,RB F1 Team,Italian,14,19,Finished,1962500,+37.840,6,1:42.234,16
2024,5,https://en.wikipedia.org/wiki/2024_Chinese_Grand_Prix,Chinese Grand Prix,shanghai,https://en.wikipedia.org/wiki/Shanghai_International_Circuit,Shanghai International Circuit,31.3389,121.22,Shanghai,China,2024-04-21,07:00:00Z,77,12,12,0,bottas,77,BOT,http://en.wikipedia.org/wiki/Valtteri_Bottas,Valtteri,Bottas,1989-08-28,Finnish,sauber,http://en.wikipedia.org/wiki/Sauber_Motorsport,Sauber,Swiss,9,19,Finished,1962955,+38.295,6,1:42.140,14
2024,5,https://en.wikipedia.org/wiki/2024_Chinese_Grand_Prix,Chinese Grand Prix,shanghai,https://en.wikipedia.org/wiki/Shanghai_International_Circuit,Shanghai International Circuit,31.3389,121.22,Shanghai,China,2024-04-21,07:00:00Z,31,13,13,0,ocon,31,OCO,http://en.wikipedia.org/wiki/Esteban_Ocon,Esteban,Ocon,1996-09-17,French,alpine,http://en.wikipedia.org/wiki/Alpine_F1_Team,Alpine F1 Team,French,17,19,Finished,1964501,+39.841,4,1:42.191,15
2024,5,https://en.wikipedia.org/wiki/2024_Chinese_Grand_Prix,Chinese Grand Prix,shanghai,https://en.wikipedia.org/wiki/Shanghai_International_Circuit,Shanghai International Circuit,31.3389,121.22,Shanghai,China,2024-04-21,07:00:00Z,18,14,14,0,stroll,18,STR,http://en.wikipedia.org/wiki/Lance_Stroll,Lance,Stroll,1998-10-29,Canadian,aston_martin,http://en.wikipedia.org/wiki/Aston_Martin_in_Formula_One,Aston Martin,British,15,19,Finished,1964959,+40.299,5,1:42.258,17
2024,5,https://en.wikipedia.org/wiki/2024_Chinese_Grand_Prix,Chinese Grand Prix,shanghai,https://en.wikipedia.org/wiki/Shanghai_International_Circuit,Shanghai International Circuit,31.3389,121.22,Shanghai,China,2024-04-21,07:00:00Z,10,15,15,0,gasly,10,GAS,http://en.wikipedia.org/wiki/Pierre_Gasly,Pierre,Gasly,1996-02-07,French,alpine,http://en.wikipedia.org/wiki/Alpine_F1_Team,Alpine F1 Team,French,16,19,Finished,1965498,+40.838,4,1:42.017,11
2024,5,https://en.wikipedia.org/wiki/2024_Chinese_Grand_Prix,Chinese Grand Prix,shanghai,https://en.wikipedia.org/wiki/Shanghai_International_Circuit,Shanghai International Circuit,31.3389,121.22,Shanghai,China,2024-04-21,07:00:00Z,22,16,16,0,tsunoda,22,TSU,http://en.wikipedia.org/wiki/Yuki_Tsunoda,Yuki,Tsunoda,2000-05-11,Japanese,rb,http://en.wikipedia.org/wiki/RB_Formula_One_Team,RB F1 Team,Italian,19,19,Finished,1966530,+41.870,4,1:42.056,12
2024,5,https://en.wikipedia.org/wiki/2024_Chinese_Grand_Prix,Chinese Grand Prix,shanghai,https://en.wikipedia.org/wiki/Shanghai_International_Circuit,Shanghai International Circuit,31.3389,121.22,Shanghai,China,2024-04-21,07:00:00Z,23,17,17,0,albon,23,ALB,http://en.wikipedia.org/wiki/Alexander_Albon,Alexander,Albon,1996-03-23,Thai,williams,http://en.wikipedia.org/wiki/Williams_Grand_Prix_Engineering,Williams,British,18,19,Finished,1967658,+42.998,8,1:42.389,19
2024,5,https://en.wikipedia.org/wiki/2024_Chinese_Grand_Prix,Chinese Grand Prix,shanghai,https://en.wikipedia.org/wiki/Shanghai_International_Circuit,Shanghai International Circuit,31.3389,121.22,Shanghai,China,2024-04-21,07:00:00Z,2,18,18,0,sargeant,2,SAR,http://en.wikipedia.org/wiki/Logan_Sargeant,Logan,Sargeant,2000-12-31,American,williams,http://en.wikipedia.org/wiki/Williams_Grand_Prix_Engineering,Williams,British,20,19,Finished,1971012,+46.352,7,1:42.516,20
2024,5,https://en.wikipedia.org/wiki/2024_Chinese_Grand_Prix,Chinese Grand Prix,shanghai,https://en.wikipedia.org/wiki/Shanghai_International_Circuit,Shanghai International Circuit,31.3389,121.22,Shanghai,China,2024-04-21,07:00:00Z,27,19,19,0,hulkenberg,27,HUL,http://en.wikipedia.org/wiki/Nico_H%C3%BClkenberg,Nico,Hülkenberg,1987-08-19,German,haas,http://en.wikipedia.org/wiki/Haas_F1_Team,Haas F1 Team,American,13,19,Finished,1974290,+49.630,5,1:42.315,18
2024,5,https://en.wikipedia.org/wiki/2024_Chinese_Grand_Prix,Chinese Grand Prix,shanghai,https://en.wikipedia.org/wiki/Shanghai_International_Circuit,Shanghai International Circuit,31.3389,121.22,Shanghai,China,2024-04-21,07:00:00Z,14,20,20,0,alonso,14,ALO,http://en.wikipedia.org/wiki/Fernando_Alonso,Fernando,Alonso,1981-07-29,Spanish,aston_martin,http://en.wikipedia.org/wiki/Aston_Martin_in_Formula_One,Aston Martin,British,3,17,Retired,1779513,+-1:57:34.853,3,1:40.537,3
2024,6,https://en.wikipedia.org/wiki/2024_Miami_Grand_Prix,Miami Grand Prix,miami,https://en.wikipedia.org/wiki/Miami_International_Autodrome,Miami International Autodrome,25.9581,-80.2389,Miami,USA,2024-05-05,20:00:00Z,1,1,1,8,max_verstappen,3,VER,http://en.wikipedia.org/wiki/Max_Verstappen,Max,Verstappen,1997-09-30,Dutch,red_bull,http://en.wikipedia.org/wiki/Red_Bull_Racing,Red Bull,Austrian,1,19,Finished,1891383,31:31.383,4,1:30.415,1
2024,6,https://en.wikipedia.org/wiki/2024_Miami_Grand_Prix,Miami Grand Prix,miami,https://en.wikipedia.org/wiki/Miami_International_Autodrome,Miami International Autodrome,25.9581,-80.2389,Miami,USA,2024-05-05,20:00:00Z,16,2,2,7,leclerc,16,LEC,http://en.wikipedia.org/wiki/Charles_Leclerc,Charles,Leclerc,1997-10-16,Monegasque,ferrari,http://en.wikipedia.org/wiki/Scuderia_Ferrari,Ferrari,Italian,2,19,Finished,1894754,+3.371,4,1:30.807,2
2024,6,https://en.wikipedia.org/wiki/2024_Miami_Grand_Prix,Miami Grand Prix,miami,https://en.wikipedia.org/wiki/Miami_International_Autodrome,Miami International Autodrome,25.9581,-80.2389,Miami,USA,2024-05-05,20:00:00Z,11,3,3,6,perez,11,PER,http://en.wikipedia.org/wiki/Sergio_P%C3%A9rez,Sergio,Pérez,1990-01-26,Mexican,red_bull,http://en.wikipedia.org/wiki/Red_Bull_Racing,Red Bull,Austrian,3,19,Finished,1896478,+5.095,19,1:30.921,3
2024,6,https://en.wikipedia.org/wiki/2024_Miami_Grand_Prix,Miami Grand Prix,miami,https://en.wikipedia.org/wiki/Miami_International_Autodrome,Miami International Autodrome,25.9581,-80.2389,Miami,USA,2024-05-05,20:00:00Z,3,4,4,5,ricciardo,3,RIC,http://en.wikipedia.org/wiki/Daniel_Ricciardo,Daniel,Ricciardo,1989-07-01,Australian,rb,http://en.wikipedia.org/wiki/RB_Formula_One_Team,RB F1 Team,Italian,4,19,Finished,1906354,+14.971,4,1:31.505,5
2024,6,https://en.wikipedia.org/wiki/2024_Miami_Grand_Prix,Miami Grand Prix,miami,https://en.wikipedia.org/wiki/Miami_International_Autodrome,Miami International Autodrome,25.9581,-80.2389,Miami,USA,2024-05-05,20:00:00Z,55,5,5,4,sainz,55,SAI,http://en.wikipedia.org/wiki/Carlos_Sainz_Jr.,Carlos,Sainz,1994-09-01,Spanish,ferrari,http://en.wikipedia.org/wiki/Scuderia_Ferrari,Ferrari,Italian,5,19,Finished,1906605,+15.222,17,1:31.568,6
2024,6,https://en.wikipedia.org/wiki/2024_Miami_Grand_Prix,Miami Grand Prix,miami,https://en.wikipedia.org/wiki/Miami_International_Autodrome,Miami International Autodrome,25.9581,-80.2389,Miami,USA,2024-05-05,20:00:00Z,81,6,6,3,piastri,81,PIA,http://en.wikipedia.org/wiki/Oscar_Piastri,Oscar,Piastri,2001-04-06,Australian,mclaren,http://en.wikipedia.org/wiki/McLaren,McLaren,British,6,19,Finished,1907133,+15.750,19,1:31.393,4
2024,6,https://en.wikipedia.org/wiki/2024_Miami_Grand_Prix,Miami Grand Prix,miami,https://en.wikipedia.org/wiki/Miami_International_Autodrome,Miami International Autodrome,25.9581,-80.2389,Miami,USA,2024-05-05,20:00:00Z,27,7,7,2,hulkenberg,27,HUL,http://en.wikipedia.org/wiki/Nico_H%C3%BClkenberg,Nico,Hülkenberg,1987-08-19,German,haas,http://en.wikipedia.org/wiki/Haas_F1_Team,Haas F1 Team,American,10,19,Finished,1913437,+22.054,8,1:31.963,9
2024,6,https://en.wikipedia.org/wiki/2024_Miami_Grand_Prix,Miami Grand Prix,miami,https://en.wikipedia.org/wiki/Miami_International_Autodrome,Miami International Autodrome,25.9581,-80.2389,Miami,USA,2024-05-05,20:00:00Z,22,8,8,1,tsunoda,22,TSU,http://en.wikipedia.org/wiki/Yuki_Tsunoda,Yuki,Tsunoda,2000-05-11,Japanese,rb,http://en.wikipedia.org/wiki/RB_Formula_One_Team,RB F1 Team,Italian,15,19,Finished,1921199,+29.816,16,1:31.844,8
2024,6,https://en.wikipedia.org/wiki/2024_Miami_Grand_Prix,Miami Grand Prix,miami,https://en.wikipedia.org/wiki/Miami_International_Autodrome,Miami International Autodrome,25.9581,-80.2389,Miami,USA,2024-05-05,20:00:00Z,10,9,9,0,gasly,10,GAS,http://en.wikipedia.org/wiki/Pierre_Gasly,Pierre,Gasly,1996-02-07,French,alpine,http://en.wikipedia.org/wiki/Alpine_F1_Team,Alpine F1 Team,French,16,19,Finished,1923263,+31.880,6,1:32.148,12
2024,6,https://en.wikipedia.org/wiki/2024_Miami_Grand_Prix,Miami Grand Prix,miami,https://en.wikipedia.org/wiki/Miami_International_Autodrome,Miami International Autodrome,25.9581,-80.2389,Miami,USA,2024-05-05,20:00:00Z,2,10,10,0,sargeant,2,SAR,http://en.wikipedia.org/wiki/Logan_Sargeant,Logan,Sargeant,2000-12-31,American,williams,http://en.wikipedia.org/wiki/Williams_Grand_Prix_Engineering,Williams,British,18,19,Finished,1925738,+34.355,6,1:32.192,14
2025,2,https://en.wikipedia.org/wiki/2025_Chinese_Grand_Prix,Chinese Grand Prix,shanghai,https://en.wikipedia.org/wiki/Shanghai_International_Circuit,Shanghai International Circuit,31.3389,121.22,Shanghai,China,2025-03-23,07:00:00Z,44,1,1,8,hamilton,44,HAM,http://en.wikipedia.org/wiki/Lewis_Hamilton,Lewis,Hamilton,1985-01-07,British,ferrari,http://en.wikipedia.org/wiki/Scuderia_Ferrari,Ferrari,Italian,1,19,Finished,1839965,30:39.965,2,1:35.399,1
2025,2,https://en.wikipedia.org/wiki/2025_Chinese_Grand_Prix,Chinese Grand Prix,shanghai,https://en.wikipedia.org/wiki/Shanghai_International_Circuit,Shanghai International Circuit,31.3389,121.22,Shanghai,China,2025-03-23,07:00:00Z,81,2,2,7,piastri,81,PIA,http://en.wikipedia.org/wiki/Oscar_Piastri,Oscar,Piastri,2001-04-06,Australian,mclaren,http://en.wikipedia.org/wiki/McLaren,McLaren,British,3,19,Finished,1846854,+6.889,7,1:35.854,4
2025,2,https://en.wikipedia.org/wiki/2025_Chinese_Grand_Prix,Chinese Grand Prix,shanghai,https://en.wikipedia.org/wiki/Shanghai_International_Circuit,Shanghai International Circuit,31.3389,121.22,Shanghai,China,2025-03-23,07:00:00Z,1,3,3,6,max_verstappen,3,VER,http://en.wikipedia.org/wiki/Max_Verstappen,Max,Verstappen,1997-09-30,Dutch,red_bull,http://en.wikipedia.org/wiki/Red_Bull_Racing,Red Bull,Austrian,2,19,Finished,1849769,+9.804,2,1:35.745,2
2025,2,https://en.wikipedia.org/wiki/2025_Chinese_Grand_Prix,Chinese Grand Prix,shanghai,https://en.wikipedia.org/wiki/Shanghai_International_Circuit,Shanghai International Circuit,31.3389,121.22,Shanghai,China,2025-03-23,07:00:00Z,63,4,4,5,russell,63,RUS,http://en.wikipedia.org/wiki/George_Russell_(racing_driver),George,Russell,1998-02-15,British,mercedes,http://en.wikipedia.org/wiki/Mercedes-Benz_in_Formula_One,Mercedes,German,5,19,Finished,1851557,+11.592,4,1:35.891,5
2025,2,https://en.wikipedia.org/wiki/2025_Chinese_Grand_Prix,Chinese Grand Prix,shanghai,https://en.wikipedia.org/wiki/Shanghai_International_Circuit,Shanghai International Circuit,31.3389,121.22,Shanghai,China,2025-03-23,07:00:00Z,16,5,5,4,leclerc,16,LEC,http://en.wikipedia.org/wiki/Charles_Leclerc,Charles,Leclerc,1997-10-16,Monegasque,ferrari,http://en.wikipedia.org/wiki/Scuderia_Ferrari,Ferrari,Italian,4,19,Finished,1852155,+12.190,4,1:36.255,6
2025,2,https://en.wikipedia.org/wiki/2025_Chinese_Grand_Prix,Chinese Grand Prix,shanghai,https://en.wikipedia.org/wiki/Shanghai_International_Circuit,Shanghai International Circuit,31.3389,121.22,Shanghai,China,2025-03-23,07:00:00Z,22,6,6,3,tsunoda,22,TSU,http://en.wikipedia.org/wiki/Yuki_Tsunoda,Yuki,Tsunoda,2000-05-11,Japanese,rb,http://en.wikipedia.org/wiki/RB_Formula_One_Team,RB F1 Team,Italian,8,19,Finished,1862253,+22.288,4,1:36.388,8
2025,2,https://en.wikipedia.org/wiki/2025_Chinese_Grand_Prix,Chinese Grand Prix,shanghai,https://en.wikipedia.org/wiki/Shanghai_International_Circuit,Shanghai International Circuit,31.3389,121.22,Shanghai,China,2025-03-23,07:00:00Z,12,7,7,2,antonelli,12,ANT,https://en.wikipedia.org/wiki/Andrea_Kimi_Antonelli,Andrea Kimi,Antonelli,2006-08-25,Italian,mercedes,http://en.wikipedia.org/wiki/Mercedes-Benz_in_Formula_One,Mercedes,German,7,19,Finished,1863003,+23.038,5,1:36.311,7
2025,2,https://en.wikipedia.org/wiki/2025_Chinese_Grand_Prix,Chinese Grand Prix,shanghai,https://en.wikipedia.org/wiki/Shanghai_International_Circuit,Shanghai International Circuit,31.3389,121.22,Shanghai,China,2025-03-23,07:00:00Z,4,8,8,1,norris,4,NOR,http://en.wikipedia.org/wiki/Lando_Norris,Lando,Norris,1999-11-13,British,mclaren,http://en.wikipedia.org/wiki/McLaren,McLaren,British,6,19,Finished,1863436,+23.471,4,1:36.708,11
2025,2,https://en.wikipedia.org/wiki/2025_Chinese_Grand_Prix,Chinese Grand Prix,shanghai,https://en.wikipedia.org/wiki/Shanghai_International_Circuit,Shanghai International Circuit,31.3389,121.22,Shanghai,China,2025-03-23,07:00:00Z,18,9,9,0,stroll,18,STR,http://en.wikipedia.org/wiki/Lance_Stroll,Lance,Stroll,1998-10-29,Canadian,aston_martin,http://en.wikipedia.org/wiki/Aston_Martin_in_Formula_One,Aston Martin,British,10,19,Finished,1864881,+24.916,4,1:36.435,9
2025,2,https://en.wikipedia.org/wiki/2025_Chinese_Grand_Prix,Chinese Grand Prix,shanghai,https://en.wikipedia.org/wiki/Shanghai_International_Circuit,Shanghai International Circuit,31.3389,121.22,Shanghai,China,2025-03-23,07:00:00Z,14,10,10,0,alonso,14,ALO,http://en.wikipedia.org/wiki/Fernando_Alonso,Fernando,Alonso,1981-07-29,Spanish,aston_martin,http://en.wikipedia.org/wiki/Aston_Martin_in_Formula_One,Aston Martin,British,11,19,Finished,1878183,+38.218,8,1:37.058,12
2025,2,https://en.wikipedia.org/wiki/2025_Chinese_Grand_Prix,Chinese Grand Prix,shanghai,https://en.wikipedia.org/wiki/Shanghai_International_Circuit,Shanghai International Circuit,31.3389,121.22,Shanghai,China,2025-03-23,07:00:00Z,23,11,11,0,albon,23,ALB,http://en.wikipedia.org/wiki/Alexander_Albon,Alexander,Albon,1996-03-23,Thai,williams,http://en.wikipedia.org/wiki/Williams_Grand_Prix_Engineering,Williams,British,9,19,Finished,1879257,+39.292,7,1:37.344,15
2025,2,https://en.wikipedia.org/wiki/2025_Chinese_Grand_Prix,Chinese Grand Prix,shanghai,https://en.wikipedia.org/wiki/Shanghai_International_Circuit,Shanghai International Circuit,31.3389,121.22,Shanghai,China,2025-03-23,07:00:00Z,10,12,12,0,gasly,10,GAS,http://en.wikipedia.org/wiki/Pierre_Gasly,Pierre,Gasly,1996-02-07,French,alpine,http://en.wikipedia.org/wiki/Alpine_F1_Team,Alpine F1 Team,French,17,19,Finished,1879614,+39.649,3,1:37.481,17
2025,2,https://en.wikipedia.org/wiki/2025_Chinese_Grand_Prix,Chinese Grand Prix,shanghai,https://en.wikipedia.org/wiki/Shanghai_International_Circuit,Shanghai International Circuit,31.3389,121.22,Shanghai,China,2025-03-23,07:00:00Z,6,13,13,0,hadjar,6,HAD,https://en.wikipedia.org/wiki/Isack_Hadjar,Isack,Hadjar,2004-09-28,French,rb,http://en.wikipedia.org/wiki/RB_Formula_One_Team,RB F1 Team,Italian,15,19,Finished,1882365,+42.400,3,1:37.549,18
2025,2,https://en.wikipedia.org/wiki/2025_Chinese_Grand_Prix,Chinese Grand Prix,shanghai,https://en.wikipedia.org/wiki/Shanghai_International_Circuit,Shanghai International Circuit,31.3389,121.22,Shanghai,China,2025-03-23,07:00:00Z,30,14,14,0,lawson,30,LAW,http://en.wikipedia.org/wiki/Liam_Lawson,Liam,Lawson,2002-02-11,New Zealander,red_bull,http://en.wikipedia.org/wiki/Red_Bull_Racing,Red Bull,Austrian,19,19,Finished,1884869,+44.904,4,1:37.163,14
2025,2,https://en.wikipedia.org/wiki/2025_Chinese_Grand_Prix,Chinese Grand Prix,shanghai,https://en.wikipedia.org/wiki/Shanghai_International_Circuit,Shanghai International Circuit,31.3389,121.22,Shanghai,China,2025-03-23,07:00:00Z,87,15,15,0,bearman,87,BEA,http://en.wikipedia.org/wiki/Oliver_Bearman,Oliver,Bearman,2005-05-08,British,haas,http://en.wikipedia.org/wiki/Haas_F1_Team,Haas F1 Team,American,12,19,Finished,1885614,+45.649,3,1:37.135,13
2025,2,https://en.wikipedia.org/wiki/2025_Chinese_Grand_Prix,Chinese Grand Prix,shanghai,https://en.wikipedia.org/wiki/Shanghai_International_Circuit,Shanghai International Circuit,31.3389,121.22,Shanghai,China,2025-03-23,07:00:00Z,31,16,16,0,ocon,31,OCO,http://en.wikipedia.org/wiki/Esteban_Ocon,Esteban,Ocon,1996-09-17,French,haas,http://en.wikipedia.org/wiki/Haas_F1_Team,Haas F1 Team,American,18,19,Finished,1886147,+46.182,3,1:37.554,19
2025,2,https://en.wikipedia.org/wiki/2025_Chinese_Grand_Prix,Chinese Grand Prix,shanghai,https://en.wikipedia.org/wiki/Shanghai_International_Circuit,Shanghai International Circuit,31.3389,121.22,Shanghai,China,2025-03-23,07:00:00Z,55,17,17,0,sainz,55,SAI,http://en.wikipedia.org/wiki/Carlos_Sainz_Jr.,Carlos,Sainz,1994-09-01,Spanish,williams,http://en.wikipedia.org/wiki/Williams_Grand_Prix_Engineering,Williams,British,13,19,Finished,1891341,+51.376,13,1:35.819,3
2025,2,https://en.wikipedia.org/wiki/2025_Chinese_Grand_Prix,Chinese Grand Prix,shanghai,https://en.wikipedia.org/wiki/Shanghai_International_Circuit,Shanghai International Circuit,31.3389,121.22,Shanghai,China,2025-03-23,07:00:00Z,5,18,18,0,bortoleto,5,BOR,https://en.wikipedia.org/wiki/Gabriel_Bortoleto,Gabriel,Bortoleto,2004-10-14,Brazilian,sauber,http://en.wikipedia.org/wiki/Sauber_Motorsport,Sauber,Swiss,14,19,Finished,1893905,+53.940,3,1:37.475,16
2025,2,https://en.wikipedia.org/wiki/2025_Chinese_Grand_Prix,Chinese Grand Prix,shanghai,https://en.wikipedia.org/wiki/Shanghai_International_Circuit,Shanghai International Circuit,31.3389,121.22,Shanghai,China,2025-03-23,07:00:00Z,27,19,19,0,hulkenberg,27,HUL,http://en.wikipedia.org/wiki/Nico_H%C3%BClkenberg,Nico,Hülkenberg,1987-08-19,German,sauber,http://en.wikipedia.org/wiki/Sauber_Motorsport,Sauber,Swiss,20,19,Finished,1896647,+56.682,4,1:36.529,10
2025,2,https://en.wikipedia.org/wiki/2025_Chinese_Grand_Prix,Chinese Grand Prix,shanghai,https://en.wikipedia.org/wiki/Shanghai_International_Circuit,Shanghai International Circuit,31.3389,121.22,Shanghai,China,2025-03-23,07:00:00Z,7,20,20,0,doohan,7,DOO,http://en.wikipedia.org/wiki/Jack_Doohan,Jack,Doohan,2003-01-20,Australian,alpine,http://en.wikipedia.org/wiki/Alpine_F1_Team,Alpine F1 Team,French,16,19,Finished,1910177,+1:10.212,3,1:37.686,20
2025,6,https://en.wikipedia.org/wiki/2025_Miami_Grand_Prix,Miami Grand Prix,miami,https://en.wikipedia.org/wiki/Miami_International_Autodrome,Miami International Autodrome,25.9581,-80.2389,Miami,USA,2025-05-04,20:00:00Z,4,1,1,8,norris,4,NOR,http://en.wikipedia.org/wiki/Lando_Norris,Lando,Norris,1999-11-13,British,mclaren,http://en.wikipedia.org/wiki/McLaren,McLaren,British,3,18,Finished,2197647,36:37.647,4,1:40.334,5
2025,6,https://en.wikipedia.org/wiki/2025_Miami_Grand_Prix,Miami Grand Prix,miami,https://en.wikipedia.org/wiki/Miami_International_Autodrome,Miami International Autodrome,25.9581,-80.2389,Miami,USA,2025-05-04,20:00:00Z,81,2,2,7,piastri,81,PIA,http://en.wikipedia.org/wiki/Oscar_Piastri,Oscar,Piastri,2001-04-06,Australian,mclaren,http://en.wikipedia.org/wiki/McLaren,McLaren,British,2,18,Finished,2198319,+0.672,7,1:40.238,4
2025,6,https://en.wikipedia.org/wiki/2025_Miami_Grand_Prix,Miami Grand Prix,miami,https://en.wikipedia.org/wiki/Miami_International_Autodrome,Miami International Autodrome,25.9581,-80.2389,Miami,USA,2025-05-04,20:00:00Z,44,3,3,6,hamilton,44,HAM,http://en.wikipedia.org/wiki/Lewis_Hamilton,Lewis,Hamilton,1985-01-07,British,ferrari,http://en.wikipedia.org/wiki/Scuderia_Ferrari,Ferrari,Italian,7,18,Finished,2198720,+1.073,13,1:36.368,1
2025,6,https://en.wikipedia.org/wiki/2025_Miami_Grand_Prix,Miami Grand Prix,miami,https://en.wikipedia.org/wiki/Miami_International_Autodrome,Miami International Autodrome,25.9581,-80.2389,Miami,USA,2025-05-04,20:00:00Z,63,4,4,5,russell,63,RUS,http://en.wikipedia.org/wiki/George_Russell_(racing_driver),George,Russell,1998-02-15,British,mercedes,http://en.wikipedia.org/wiki/Mercedes-Benz_in_Formula_One,Mercedes,German,5,18,Finished,2200774,+3.127,6,1:40.963,7
2025,6,https://en.wikipedia.org/wiki/2025_Miami_Grand_Prix,Miami Grand Prix,miami,https://en.wikipedia.org/wiki/Miami_International_Autodrome,Miami International Autodrome,25.9581,-80.2389,Miami,USA,2025-05-04,20:00:00Z,18,5,5,4,stroll,18,STR,http://en.wikipedia.org/wiki/Lance_Stroll,Lance,Stroll,1998-10-29,Canadian,aston_martin,http://en.wikipedia.org/wiki/Aston_Martin_in_Formula_One,Aston Martin,British,16,18,Finished,2201059,+3.412,13,1:36.839,2
2025,6,https://en.wikipedia.org/wiki/2025_Miami_Grand_Prix,Miami Grand Prix,miami,https://en.wikipedia.org/wiki/Miami_International_Autodrome,Miami International Autodrome,25.9581,-80.2389,Miami,USA,2025-05-04,20:00:00Z,22,6,6,3,tsunoda,22,TSU,http://en.wikipedia.org/wiki/Yuki_Tsunoda,Yuki,Tsunoda,2000-05-11,Japanese,red_bull,http://en.wikipedia.org/wiki/Red_Bull_Racing,Red Bull,Austrian,20,18,Finished,2202800,+5.153,13,1:38.078,3
2025,6,https://en.wikipedia.org/wiki/2025_Miami_Grand_Prix,Miami Grand Prix,miami,https://en.wikipedia.org/wiki/Miami_International_Autodrome,Miami International Autodrome,25.9581,-80.2389,Miami,USA,2025-05-04,20:00:00Z,12,7,7,2,antonelli,12,ANT,https://en.wikipedia.org/wiki/Andrea_Kimi_Antonelli,Andrea Kimi,Antonelli,2006-08-25,Italian,mercedes,http://en.wikipedia.org/wiki/Mercedes-Benz_in_Formula_One,Mercedes,German,1,18,Finished,2203282,+5.635,6,1:41.012,8
2025,6,https://en.wikipedia.org/wiki/2025_Miami_Grand_Prix,Miami Grand Prix,miami,https://en.wikipedia.org/wiki/Miami_International_Autodrome,Miami International Autodrome,25.9581,-80.2389,Miami,USA,2025-05-04,20:00:00Z,10,8,8,1,gasly,10,GAS,http://en.wikipedia.org/wiki/Pierre_Gasly,Pierre,Gasly,1996-02-07,French,alpine,http://en.wikipedia.org/wiki/Alpine_F1_Team,Alpine F1 Team,French,13,18,Finished,2203620,+5.973,7,1:42.694,16
2025,6,https://en.wikipedia.org/wiki/2025_Miami_Grand_Prix,Miami Grand Prix,miami,https://en.wikipedia.org/wiki/Miami_International_Autodrome,Miami International Autodrome,25.9581,-80.2389,Miami,USA,2025-05-04,20:00:00Z,27,9,9,0,hulkenberg,27,HUL,http://en.wikipedia.org/wiki/Nico_H%C3%BClkenberg,Nico,Hülkenberg,1987-08-19,German,sauber,http://en.wikipedia.org/wiki/Sauber_Motorsport,Sauber,Swiss,11,18,Finished,2203800,+6.153,5,1:42.871,17
2025,6,https://en.wikipedia.org/wiki/2025_Miami_Grand_Prix,Miami Grand Prix,miami,https://en.wikipedia.org/wiki/Miami_International_Autodrome,Miami International Autodrome,25.9581,-80.2389,Miami,USA,2025-05-04,20:00:00Z,6,10,10,0,hadjar,6,HAD,https://en.wikipedia.org/wiki/Isack_Hadjar,Isack,Hadjar,2004-09-28,French,rb,http://en.wikipedia.org/wiki/RB_Formula_One_Team,RB F1 Team,Italian,9,18,Finished,2205149,+7.502,6,1:42.260,13
